Text,Score
ุงูููุธูู ูู ุงูุงุณุชูุจุงู ุฌุฏุง ุฑุงุฆุนู ููุง ุณูุฑ ุฎุงุต ุฑูู ุงูุดูุฑู,"8,0"
ููุฏู ููุชุงุฒ ููุธูู ุ ููููุนู ููุชุงุฒ ุ ูููุฌุฏ ุจู ููุงูู ูุณูุงุฑุชู ุ ูุฐูู ูุชููุฒ ุจุญุณู ุชุนุงูู ููุธููู,"9,0"
ุดูุฑุง ููู,"8,0"
ุงูููุงู ุฌููู ููุงูุงูู,"8,0"
ุฌูุฏู ููุฑูุญู ูุธููู ุงููุฑุด ูุงููุฑุชุจู ูุงููุณุงุฏุงุช ูุฑูุญุฉ ุฌุฏุง,"9,0"
ูููุฒุฉ ููุฑูุญุฉ,"9,0"
ุงูุงูู ููุชุนู ุจูุฌูุฏ ุงูุงุตุทู ุงูุฑุงุฆุน,"9,0"
ุงูุงูุฉ ููุชุงุฒุฉ ู ูุฑูุญู,"9,0"
ุงููุฑุน ุงููุญูุฏ ุงูู ุงุฑุชุญุช ูู ูู ุฌููุน ูุฑูุน ุจุฑูุฑุง ูุฑุน ูุฑุทุจู,"9,0"
ุงูุงูุฉ ุฌูุฏุฉ,"9,0"
ุจุฑูุฑุง ุดูุงุฏุชู ูููุง ูุฌุฑูุญู  ุงูุง ูู ุฒุจุงูู ุจุฑูุฑุง ุฌููุน ุงููุฑูุน,"9,0"
ุงุดูุฑู ุฌููุน ุงูููุธููู ุฎุตูุตุง ุงูุฎูุงุช ุจุงูุฑุณุจุดู ูุงูุงุฎ ูุญูุฏ ุฑุงุนู ุงูููู ูููุชู ูุถุจูุทู ๐๐ป ูุงุดูุฑ ุงูุงุฎ ุงุญูุฏ ููุนุทููู ุงูู ุนุงููู ูุงูุตุฑุช,"9,0"
ููุชุนุฉ ูุฌูููุฉ,"9,0"
ููุชุงุฒ ุฌุฏุงู ููุดุฎุต ุงููู ุฌุงู ููุท ููุฏู ุงูุนูู ุงููุฑุงูู ููุชุงุฒุฉ ูุงูููุจู ุดุฑุญ ูุฎุฏูุฉ ููุธููู ุงูุงุณุชูุจุงู ููุชุงุฒุฉุ ููู ููู ุฌุงู ุณูุงุญุฉ ุฑุงุญ,"8,0"
ุฑุญูุฉ ุนูู,"8,0"
ุฅูุงูุฉ ุฑุงููุฉ,"9,0"
ูุงูุช ุฅูุงูุฉ ุฌูุฏุฉ,"7,0"
ุฌูุฏ,"8,0"
ุงุชููู ุชุฌุฏูุฏ ุงูููุงู ูุฑูุน ูุณุชูุงู,"7,0"
ุฌูููุฉ,"9,0"
ููุชุงุฒุฉ ูููุธูู ุงูุงุณุชูุจุงู ูุญุชุฑููู ุฌุฏุง ูุงููุฏูุฑ ุฃ. ุงุญูุฏ ูุชุญู ุงูุณุงู ูุญุชุฑู ูุฑุงูู.,"9,0"
ุงูุงูุฉ ุฌูุฏุฉ ูุฌูููู,"9,0"
ููุณูู ููุท ููุงุณุจ ุฌุฏุงู,"7,0"
ูุงูุช ุงูุงูุงูุฉ ููุชุนุฉ ู ูุฑูุญุฉ ุฌุฏุงูู ุุ ููุง ูุงู ุชุนุงูู ุงูููุธููู ุงุซูุงุก ุงูุฏุฎูู ู ุงููุบุงุฏุฑุฉ ุงูุซุฑ ูู ุฑุงุฆุน,"9,0"
ุดุงูุฑุฉ ููู ุชุฑููุฉ ุงูุญุฌุฒ ูู ุบุฑูุฉ ูุฌูุงุญ ุชูููุฐู,"8,0"
ุบุฑู ูุฎูู ูุงูู ูู ุบูุฑ ุดุจุงู,"8,0"
ุฑุงูู ููุฃูุงูู,"8,0"
ุงูููุฏู ุงูุซุฑ ูู ุงู ูุญุชุตุฑ ุจุฌููุฉ,"9,0"
ููุชุงุฒ ูุณุชุญู ุงูุฒูุงุฑุฉ ูุฑู ุงุฎุฑู,"9,0"
ุฌูุฏ ูููุงุณุจ ููุงุนูุงู,"9,0"
ุชุฌุฑุจุฉ ูู ุชุชูุฑุฑ,"7,0"
ุงูุงูู ุฌุฏุงู ุฑุงุฆุนู ููุฑูุญู,"9,0"
ุณูู ุฌูุฏ ูุชุนุงูู ููุธููููู ููุชุงุฒ,"7,0"
ุงูุงูุฉ ุทุฑููุฉ,"8,0"
ุงูุณุนุฑ ูุฑุชูุน ููุณูู,"8,0"
ุฌูุฏุฉ,"7,0"
ุงุณุชูุชุน ูุซูุฑ ูุดูุฑุง ููู,"9,0"
ููุงู ููุงุณุจ ููุฑูุญ,"9,0"
ูุณุชุญู ุงูุฑุฌูุน ุฅููู ูุฑู ุงุฎุฑู,"8,0"
ุงูุงูุงูุฉ ููุชุงุฒุฉ ุงููุง ุชุงุฎูุฑ ุงุณุชูุงู ุงูุฌูุงุญ,"8,0"
ุฌูุฏุฉ ุฌุฏุงู ุ ุชุฌุฑุจุฉ ุชูุฑุฑ,"9,0"
ุฌููู ููู ุงูุฌูู ูุนุฏูู ุฌุฏุง,"8,0"
ููุชุนู,"8,0"
ูุฑูุญุฉ,"8,0"
ุงุณุชูุชุนุช ุจุงูุงูุงูู ุฑุบู ูุตุฑ ูุฏุชูุง .. ุงูุฌููุน ุจุฏูู ุงุณุชุซูุงุก ูุฏูุฏูู,"9,0"
ุงูุงูุฉ ุฌูุฏุฉ,"7,0"
ูุงูุช ุงูุงูู ูุฑุจุญู,"9,0"
ูุณุชุญู ุงูุฒูุงุฑู ุงุฎุฑู,"8,0"
ุดูุฑ ุนูู ุงูุงูุงูู ุงูุทูุจู,"8,0"
ูุงุจุฃุณ ุจู,"8,0"
ููุงู ุฑุงุฆุน ูููุนู ุญูู ูุฑูุจ ูู ูู ุดู. ุจุงููุณุจู ูู ุจุงุฐู ุงููู ุชุนุงููู ูุนูู,"9,0"
ุงูุงูุฉ ุฌูููู ูููุชุนู,"9,0"
ูุงูุช ุงูุงูุฉ ุฌูููู ูุงูููุธููู ูุชุนุงูููู,"8,0"
ูู ุงุฌูู ุงูุงูุงู ๐ฅบ,"9,0"
ูู ุงูุดูุฑ ูุงูุชูุฏูุฑ ูุทุงูู ุงูุนูู,"9,0"
ุงูุบุฑู ุงุฒุนุงุฌ ุจุงุจ ุงูุบุฑูู ูุจุงุดุฑุฉ ุนูู ุงูุณุฑูุฑ,"8,0"
ุจุฑูุฑุง ูุญู ุงูุซูุฉ,"9,0"
ุดูุฑุง,"9,0"
ูุงูุช ุชุฌุฑุจู ุฌูุฏู ูููู ูุง ุชุชูุฑุฑ,"7,0"
ููุจูู,"7,0"
ูุงูุช ุชุฌุฑุจุฉ ุฑุงุฆุนุฉ ูุงุจูุฉ ููุฃุนุงุฏุฉ ุจุฃุฐู ุงููู,"8,0"
ุงูุตุญ ุจูุฐุง ุงูููุฏู ู ุงุชููู ูู ุงุฏุงุฑู ุงูููุฏู ุงูุงูุชูุงู ุจุดูู ุนุงู,"8,0"
ุงูููุงู ุฌูุฏ ุฌุฏุง,"7,0"
ููุฏู ุฌููู ุฌุฏุง ููุธูู ูุชุญุณ ุจุงูุฑุงุญุฉ ุงูููุณูุฉ ููุฐูู ุชุนุงูู ุงูุซุฑ ูู ุฑุงุฆุน ูู ุงูุงุณุชูุจุงู,"9,0"
ุฌูุฏุฉ,"7,0"
ุงููุง ุงุดูุฑ ููุธููู ุงูุงุณุชูุจุงู ุฌููุนุง ุนูู ุฎุฏูุชูู ูุงุญุชุฑุงููุชูู ูู ุงูุนูู ูุงุดูุฑ ุงูุงุฎุช ูุฑุงู  ูุณุคููุฉ ุนูุงูุงุช ุงููุฒูุงุก ุนูู ุงูุชูุงููุง ูู,"8,0"
ุฑููุงู ุจุง ุงููุฒูุงุก,"8,0"
ุดูุฑุง ุจุฑูุฑุง,"9,0"
ุฌูููุฉ ูุงููุทุนู ูุฐูุฐ,"8,0"
ุงูุงูุฉ ุฌูุฏู,"8,0"
ูุงูุช ููุชุนุฉ ูุฌูููุฉ,"9,0"
ุดูุฑุงู ููููุธู ุงููุตุฑู ุงุญูุฏ ูุชุญู ูุงุณููุจู ุงูููุชุงุฒ,"8,0"
ุณูู  ุงูุฑุฑ ุงูุชุฌุฑุจุฉ ุจุงูุชุงููุฏ,"8,0"
ุงูููุงู ุฌููู ูุญุชุงุฌ ุงูู ุชุทููุฑ ูุตูุงูู,"7,0"
ุดูุฑุง ููุฌููุน ๐ค๐ค,"9,0"
ููุงู ุงูููุฏู ูุงููุธุงูุฉ ูุชุนุงูู ุงูููุธููู ูุงู ุฑุงุฆุน,"7,0"
ุงุดูุฑ ุงููุณุฆูููู ุนูู ุชุฌุงูุจูู ูุชุนุงูููู,"9,0"
ุชุฌุฑุจุฉ ุฌูุฏุฉ ุฌุฏุงู ููู ูุณุงุญุฉ ุงูุบุฑู ููุณุช ุฌูุฏุฉ ููุงุฑูุฉ ุจุงููุงููุงุช ุงูููุฏู,"7,0"
ุฌูููุฉ ุฌุฏุง ูุงุฑุฌู ุงูุงูุชูุงู ุงูุซุฑ ูู ุงุซุงุซ ุงูุบุฑู ูุชุฌุฑุจู ุชุณุชุญู ุงูุชูุฑุงุฑ,"7,0"
ุนูููุง ุงูููุฏู ุฑุงุฆุน,"9,0"
ุงุชููู ููู ูู ุชูููู,"8,0"
ููุงู ูุถูู ู ุงูุนุงูููู ุฌููุนูู ูุญุชุฑููู ู ูุฑูุจ ุฌุฏุง ูุงูุชุฑ ูู ููุงู ููุฎุฑูุฌ ู ุงููุณุญ ู ููุงู ูููุทุงุฑ ู ุฏูู ุญุงุฌุฉ ูุงูุช ูููุฉ ุจุงููุณุจุฉ ู,"9,0"
ููุฏู ุฌูุฏ,"9,0"
ุฌูุฏ ูููุจูุช ููุท,"9,0"
ุฑุงุฆุนุฉ ุฌุฏุงู,"9,0"
ุชุฌุฑุจู ุฌูููู ุบุงูุจูุง ุณูู ุชุชูุฑุฑ..,"9,0"
ููุงุณุจ ููุงุจู ุงูุณุนุฑ,"7,0"
ุชุฌุฑุจุฉ ุฌูููุฉ,"9,0"
ุงูุบุฑู ูุธููู ูุงุณุนุงุฑูู ูููุณู ุจุณ ูุณู ุงูุงูุงูุงุช ููุฑ ูููุฏ ุงุฐุง ุถุงุนุงุช ุนูุฏู ุงุบุฑุงุถ,"8,0"
ููุฏู ููุชุงุฒ ุฌุฏุฃ,"9,0"
ููุงู ุฌููู ููุณุชุญู ุงูุชุฌุฑุจุฉ ูุงูุฒูุงุฑุฉ ูุฑุฉู ุงุฎุฑู ุ ุดูุฑูุง ูููุธูู ุงูุงุณุชูุจุงู ุงุซูุงุก ุงูุฏุฎูู ููุธูุฉ ูููุธู ูุงุซูุงุก ุงูุฎุฑูุฌ ุงูุงุฎ ุนุจุฏุงูุนุฒ,"9,0"
ุชุฌุฑุจุฉ ุฌูููุฉ,"8,0"
ุดูุฑุงู ุนูู ุญุณู ุงูุงุณุชูุจุงู ู ูุฑู ุงูุถูุงูุฉ,"9,0"
ููุฏู ูููุฒ ููุธูู ูุชุนุงูู ุฑุงูู ูู ุฌููุน ุงูููุธููู.,"9,0"
ููุฏู ูููุฒ ููุธูู ูุชุนุงูู ุงูููุธููู ุฌูุฏ,"9,0"
ุฑุญูุฉ ุฎุงุตุฉ ููุฑูุงุถ,"9,0"
ุชุฌุฑุจุฉ ุฌุฏูุฏุฉ ูุงูุงูุณุงู ูุชุนูู ูู ุชุฌุงุฑุจุฉ,"8,0"
ุฌูุฏ ุงูููุฏู,"8,0"
ุชููุน ููุนุฒุงุจ ูููุณ ุงูุนุงุฆูุงุช,"7,0"
ููุชุนุฉ ู ูุฑูุญุฉ,"9,0"
ุนููุงู ุงูุงุณุชุบูุงู,"7,0"
ุงูููุฏู ุฌูุฏ ููู ุงูุณุนุฑ ูุจุงูุบ ููู,"7,0"
ุจุฑูุฑุง ุงูุฌููู,"8,0"
ุฌููู,"8,0"
ููู ุฌููู,"9,0"
ุฌูููู ูููุฏู ุฌููู,"8,0"
ูุณุชุญู ุงูุชุฌุฑุจุฉ,"9,0"
ุฌููู ุงุชููู ููู ุงูุชูููู,"7,0"
ุดูุฑุง. ูุฑูู ุจุฑูุฑุง ุงูุงูู ุฌูููู,"8,0"
ูุงูุช ูู ุงูููุงุฏู ุงููููุฒู ุงูุชู ุณููุช ูููุง ูุงูุดุงููู ูุชูุฑุฑ ุงูุณูู ูููุง,"9,0"
ูุงุฑุงุญ ุชููู ุงุฎุฑ ูุฑู ููุณุชูู ูููู ุนุฑูุถ ููุงูุงูู,"7,0"
ุงุชููู ููู ุงูุชูููู,"9,0"
ุดูุฑุง ููุงุฎ ุงุณุงูู ูุญุณู ุชุนุงููู ูุนู ููุทูู,"8,0"
ูุธุงูุฉ ุงูููุงู ููููุนุฉ ุงูุง ุงูุฑุงุญุฉ ููุง ุงุนุชูุฏ ุงู ูููู ุถูู ุฎูุงุฑุงุชู ูุณุชูุจูุงู,"7,0"
ูุงูุนุงุฏุฉ ุจุฑูุฑุง ุนููุงู ูุฑุงุญุฉ,"9,0"
ุงูุงูุงูุฉ ูุงูุช ูุฑูุญู ูุงูููุฏู ูุธูู ููุฑุชุจ ููุงุญุธู ( ุจุฑูุฏุฉ ููุธููู ุงูุงุณุชูุจุงู ูุนุฏู ุงูุงุจุชุณุงูู ) ููุงู ุฌููู ูุซู ูุฆุฉ ุจุฑูุฑุง ุงูููุธููู,"9,0"
ุชุฌุฑูุจุฉ ูุฑูุฏุฉ ุงุญุฑุต ุงู ุชุชูุฑุฑ,"9,0"
ุงูุงู ูู ุชูุณู,"9,0"
ุฎูุงุฑู ุงูุงูุซู ุจูููู ุจูุฑูุฑุง ๐๐ป,"9,0"
ูุฑุถูุฉ,"8,0"
ูุงุจุงุณ ุจูุง,"7,0"
ุดูุฑุงู ุนูู ูู ุดู.,"9,0"
ุงูุงูุฉ ูุงูุช ููุชุงุฒุฉ,"9,0"
ุชุฌุฑุจุฉ ุฌูุฏุฉ ูููุณุช ุงูุงููู ูุน ุจุฑูุฑุง ููู ุงูุงููู ูุน ูุฐุง ุงููุฑุน ูุธู ูุชููุฒ ุนูู ุฑุบู ูู ุดูุก,"9,0"
ุฌูุฏ ูููู ูู ุงูุฑุฑ ุงูุชุฌุฑุจุฉ,"7,0"
ุฑุงุฆุนู ูุณุชุญู ุงูุชุฌุฑุจู ูุฑู ุงุฎุฑู,"9,0"
ููุชุงุฒู ุจุณ ุงูุงุณุชูุจุงู,"8,0"
ุณุฑูุนุฉ ููุทููุฉ,"8,0"
ูุงูุช ุงูุงูุงูุฉ ุฑุงุฆุนุฉ,"8,0"
ุฌููู ุฌุฏุง ููู ุฑุฌุนู ุงู ุฌูุช ุงูุฑูุงุถ,"9,0"
ุชุนุงูู ุงูููุธููู ุณูุคุซุฑ ุนูู ูุญุจุฉ ุงูุนููุงุก ููููุงู,"8,0"
ุชูููู ุงูุฃุณุนุงุฑ,"7,0"
ุฑุญูุฉ ุนูู,"7,0"
ูุฑูุญ,"8,0"
ุฌูููู ูุงุณุชุซูุงุฆูู ูุฑุงุญ ุชุชูุฑุฑ,"9,0"
ุงูุงุณุชูุจุงู ูุชููุฒูู ูุชุนุงูู ุฑุงูู,"9,0"
ููุฏู ุฌููู,"8,0"
ุงุดูุฑ ุงูููุธูุฉ ุฑููุง ุนูู ุงููุจุงูุฉ ูุญุณู ุงููุนุงููุฉ ูุงูุฐูู ุงูุฑููุน .. ูุงูุช ุงูุงูุฉ ูููุฒุฉ ูู ุฌููุน ุงูููุงุญู .,"9,0"
ุฃูุตุญ ููู,"8,0"
ุงูุตุญ ุจุงูุณูู ููู ูุงุดูุฑ ุงูููุทููู ูุงู ุงุณุชูุจุงููู ุฑุงุฆุน,"9,0"
ุฌููู ู ุจุฃูุฑุฑ ุงูุฒูุงุฑุฉ ุจุฅุฐู ุงููู,"9,0"
ุฌููู,"8,0"
ููุฏู ุฌููู ูุงูุงูู ุฌููู ูุงูุงุณุชูุจุงู,"8,0"
ุฅูุงูุฉ ุงุณุชุซูุงุฆูุฉ,"9,0"
ููุฏู ูุณุชุญู ุฎูุณ ูุฌูู,"9,0"
ูุง ุงูุตุญ ูู ุงูุนุดุงุก ุงุจุฏุงู,"9,0"
ุฌูููุฉ ูููู ุงูููู ุบูุฑ ูุฑูุญ,"8,0"
ูุธูู ููุฑูุญ,"8,0"
ุฅูุงูุฉ ุฌูุฏุฉ,"8,0"
ูุนุทููู ุงูุนุงููู,"9,0"
ููู ุฌููู,"9,0"
ููุฉ ุงูุงุณุชูุชุงุน,"8,0"
ุงูุงูุฉ ูููุฒู ูุณูู ุงููู ุจุงุนุงุฏุฉ  ุงูุญุฌุฒ ูู ุงูููุฏู ุนูุฏ ูุฏููู ููุฑูุงุถ,"9,0"
ุฌูููู ูุชุณุชุญู ุงูุชูุฑุงุฑ,"7,0"
ุงููุฉ ูุฑูุญุฉ ูุง ุนุฏุง ุดุจูุฉ ุงูุงูุชุฑูุช ูุงูุงุชุตุงู,"8,0"
ูุงุจุงุณ ูู ุงูุงููุงูู,"7,0"
ููุชุงุฒ ุจุดูู ุนุงู,"8,0"
ุชุฌุฑุจุฉ ููุณุช ุณูุฆุฉ,"7,0"
ุงูุดูุฑ ูู ุดูุฑ ุงูุงุณุชุงุฐ ุฎุงูุฏ ุงููุญุทุงูู ูุงู ุณุจุจ ูู ุณุนุงุฏุฉ ุงูุฒุงูุฑ ูุฌุฐุจู ููู ุนู ุทุฑูู ุงูุณูุงู ูู ุฎุฏูุฉ ุงูุงุณุชูุจุงู,"8,0"
ููุงูู ุงูููุถู ุฏุงุฆูุง,"7,0"
ุงูุงูุฉ ุฌูููุฉ,"8,0"
ุงูุงูุงูุฉ ููุชุงุฒุฉ ุฌุฏุงู ููู ูุญุชุงุฌ ุชูุณุนุฉ ููููุงูู,"9,0"
ุงูุฏูุงุฏูู,"9,0"
ูุงุชููุฑ ุจุง ุงูุณูู ุบูุฑ ูู ุจุฑูุฑุง,"9,0"
ุฌูุฏุฉ ูุฃุฌูู ูุง ูููุง ุงูููุธููู ูุงููุง ุฑุงุฆุนูู ูุจุงูุฃุฎุต ุงูุดุจุงุจ ูุงูุดุงุจุงุช ุงูุณุนูุฏููู ูุงูุนูุงู ูุทูููู,"7,0"
ููุชุงุฒุฉ,"8,0"
ุฌูุฏุฉ,"8,0"
ูุงู ููู ููุชุนู ุจูู ุชูุงุตููู,"9,0"
ููุงู ููุงุณุชุฌูุงู,"9,0"
ุดูุฑุง ููู,"7,0"
ุฌูุฏุฉ ุฌุฏุงู,"8,0"
ุฅูุงูุฉ ููุชุงุฒู,"7,0"
ููุชุงุฒุฉ,"8,0"
ุงูู,"8,0"
ููุฏู ุฑุงุฆุน ููููุน ุงุฑูุน,"9,0"
ูุงูุช ุงูุงูุฉ ูููุฒุฉ ุจุนุถ ุงููุธุฑ ุนููุง ุชู ุชุฐูุฑุฉ ูุณุจูุง,"8,0"
ุจูุฑูููุชููููู,"9,0"
ุฌูููุฉ ุงูู ุญุฏ ูุง,"8,0"
ุงูุงูุฉ ููุชุนู,"9,0"
ูู ุชุฌุฑุจุฉ ุชุฏุนูู ูุฅุนุงุฏุชูุง,"9,0"
ุงูููุฏู ุจุดูู ุนุงู ููุงุณุจ ููููู ุงููุฑูุญ ูููู ุบูุฑ ููุงุณุจ ููู ูุจุญุซ ุนู ูุถุงุก ููู ุนุงุฆูู ุฌููู ูู ุฑุฏูุงุช ุงูููุฏู ุงู ุงููุณุจุญ,"7,0"
ุงูุงูู ุฌูุฏู ูููู ุงูุณุนุฑ ุฒุงูุฏ ุดูู,"9,0"
ูุงูุช ุฌูููุฉ ู ูุทููุฉ ู ุงูุงุณุชูุจุงู ูุชุนุงูููู ู ุจุดูุดูู ุฌุฏุงู,"8,0"
ุงูุงูุฉ ูุงุฏุฆุฉ,"8,0"
ุชุฌุฑุจู ุญููู ูููุชุนู ูููุงู ูุงุฏุฆ ูุฌููู ุงูููู ุงุฌูุงุก ุญููู ููู ุฒูุงุฑู ุงุฎุฑู ุจุงุฐู ุงููู,"8,0"
ูุงูุช ุฌูููุฉ ุฌุฏุง ุงูุงูุงูุฉ,"9,0"
ูู ุงูุงุญุชุฑุงู ุนูู ุฑูููู,"9,0"
ุฌูุฏุฉ,"7,0"
ุฌูุฏู ุงูู ุญุฏุง ูุง,"8,0"
ุงูููุงู ุญู ูููู ูุง ุงูุซุฑ ูุฑูุญ ุฌุฏุงู ูุงููุฑุงูู ูู ุดู ูุชููุฑ ุจุณ ูุงู ุญุฌู ุงูุบุฑูู ุตุบููุฑู ูุฑู,"9,0"
ููุฏู ุฌููู ููุญุชุงุฌ ุฅุฏุงุฑุฉ ุฃูุถู,"8,0"
ุณุนุฑ ููุจูู ููุงุจู ุฎุฏูุฉ ุฑุงุฆุนุฉ,"8,0"
ุดูุฑุง ูุชุนุงูููู,"8,0"
ูู ุงูุงูุงูู ุงููู ุงููุฏ ุจุฑุฌุน ุงุญุฌุฒ ูููุง,"9,0"
ุงูุง ุนูููู ูููุงุฏููู ูุงุญุจูุง ูุงุฑุณูุณ ูุจุฑูุฑุง ูุงุณุชุบุฑุจ ูู ุงูููุธููู ุนุฏู ุงูููุงููู ุน ุฎุตู ููุธูู ุงูุตุญู ุนูููุง ููุถู ุนูู ุฎุตู ููุนููุงุก ุงู,"8,0"
ุงูุตุญ ุจุงูุงูุงูู ูู ุจุฑูุฑุง ูุฑุทุจุง,"9,0"
ูุงูุช ุงูุงูุฉ ุฌูุฏุฉ ุฌุฏุงู ุงุดูุฑ ุงูุฌููุน ุนูู ุชุนุงูููู,"8,0"
ุงุดูุฑ ุจุฑูุฑุง ุน ุงูุงูุงูู ุงูุฑุงุฆุนู ูู ุนูุฏู ุจุงุฐู ูู ุงุชููู ุณุนุฑ ุงูู ๐,"9,0"
ููู ูููู,"8,0"
ุฌููู ุบุงูู,"8,0"
ุงูุงูุฉ ุฌุฏุงู ุฑุงุฆุนุฉ,"9,0"
ุงูุงูุฉ ูููุฒู,"8,0"
ุดูุฑุง ุจุฑูุฑุง  ุนูู ุงูููุฏู ุงูุฌููู,"9,0"
ุงุดูุฑ ุงูุงุฎูุงุช ุจุงูุงุณุชูุจุงู ุฑููุง ููููุฉ ุนูู ุญุณู ุชุนุงูููู ููุทุงูุชูู ุณุนูุฏุฉ ุฌุฏุง ุจุงูุชุนุงูู ูุนูู,"9,0"
ุงูุตุญ ุจุงูุงูุงูุฉ ููู ุณุนุฑ ููุชุงุฒ,"9,0"
ููู ุฌููู ูุงุฒู ููุนุงุฏ,"7,0"
ุงูุงูุฉ ูููุฒุฉ ููุฑูุฏุฉ ูู ููุนูุง ุณุฃูุตุญ ุจูุง .,"7,0"
ุฌูุฏุฉ ุฌุฏุงู,"7,0"
ูุฑุฌู ุงูุงูุชูุงู ุงูุซุฑ,"8,0"
ุฌูุฏู ุงูู ุญุฏ ูุง ูููู ูู ุงูุฑุฑูุง,"8,0"
ุงูุงูุฉ ููุชุนุฉ,"8,0"
ููุฏู ูููุฒ,"8,0"
ุนุงุฏูุฉ,"7,0"
ุดูุฑุงู ุดูุฑุงู ููุฏู ุจุฑูุฑุง ุนูู ุญุณู ุงูุงุณุชูุจุงู ู ุงูุชุนุงูู ๐โค๏ธโค๏ธโค๏ธโค๏ธ,"9,0"
ุฏุงุฎู ุญู ูุฑุทุจุฉ ูุจุนูุฏ ุนู ุงูุงุฒุนุงุฌ,"8,0"
ุงูุงูู ูุฑูุญุฉ ุฌุฏุง,"9,0"
ูู ุดู ููู ุฑุงุฆุน ุงูุง ุงู ุณุนุฑู ุจุงููุธุฑ ูููููุน ููุณุงุญุฉ ุงูุบุฑูุฉ ูุฌุจ ุงู ูููู ูููุตู!,"7,0"
ุฌูููุฉ ููุฑูุญุฉ,"8,0"
ุฌูููุฉ,"7,0"
ูุธูู ููุฑุชุจ,"8,0"
ููุงู ุฌููู ููุฑูุญ,"7,0"
ุฑููููููููููุนุฉ,"9,0"
ูู ุงูุฑุฑ ุงูุชุฌุฑุจู ูุฑู ุฑุงุจุนู...,"7,0"
ุงูุงูุฉ ููุชุนุฉ,"9,0"
ุฅูุงูุฉ ูุฑูุญุฉ ููุบุงูุฉ .,"9,0"
ุงูููุงู ุฌููู ููุธูู ููู ุงุฎุชูุงุฑุงุชู ุงูููุถูุฉ ุจูุฏููุฉ ุงูุฑูุงุถ ูุงูุดูุฑ ุฎูุต ููุงุฎุช ุฑููุง ุนูู ุญุณู ุงุณุชูุจุงููุง ูุญุฑุตูุง ุนูู ุฑุงุญุฉ ุงููุฒูุงุก,"8,0"
ุฅูุงูุฉ ุงุณุชุซูุงุฆูุฉ ูุงุฏุฆุฉ ููุฑูุญุฉ.,"9,0"
ูุงูุช ุฅูุงูุฉ ููุชุงุฒุฉ ุฌุฏุงู ูุจุช ูู ุงูุงุญุชูุงุฌ,"9,0"
ุงูุงูุชูุง ูุงูุช ุฌูููุฉ ูููู ุงูุฌูุงุญ ูุงู ุถููุ ูู ูุชู ุชูุธูู ุงูุบุฑูุฉ ุงูุง ุจุนุฏ ูุง ูุทูุจ ูุจุงูุญุงุญ! ุงูููููุช ุจุฌุงูุจ ุบุฑูุชูุง ุชููุญ ููู ุฑุงุฆุญุฉ,"8,0"
ุงูููุงู ููุชุงุฒ ูุฑุงูู ููุท ูุญุชุงุฌ ุงูุงูุชูุงู ููููุงุญุธุงุช ูุงููู ูุฑุฃุช ุงูุณูุจูุงุช ููุฌุฏุชูุง ุญุงุถุฑู ุงูุงูู,"9,0"
"ุดูุฑ ุฎุงุต ูููุธูุฉ ุงูุฅุณุชูุจุงู""  ุณุงุฑุง ""","8,0"
ุณูู ุงูุฑุฑ ุงูุฒูุงุฑู,"9,0"
ููุชุนู,"8,0"
ููุชุนู ูุฑุจูุง ุงุนูุฏ ุงูุณูู ููู ูุณุชูุจูุง,"7,0"
ุชุนุงูู ุงูููุธููู ุฑุงุฆุน ุงููู ูุณุนุฏูู ููุงูู ูุชููููู ุฌุฏุงู ูุน ุงููุง ุชุฃุฎุฑูุง ุจุงูุชุดูู ุงูุช โค๏ธโค๏ธ ุดูุฑุง ุจุฑูุฑุง,"8,0"
ูุงูุช ุฌูููุฉ ูุณูุชู ุงุนุงุฏุฉ ุงูุชุฌุฑุจุฉ,"8,0"
ุงูุฑุงุญุฉ ูุงููุฏูุก,"8,0"
ุงูุงูุฉ ุฌูููุฉ,"8,0"
ุดูุฑุง ุนูู ุชุนุงูู ุงูุณุชูุจุงู,"7,0"
ููุฏู ููุชุงุฒ ุฌุฏุงู ูููู ูุณุงุญุฉ ุงูุบุฑูุฉ ุตุบูุฑุฉ,"9,0"
ุฑูุนุฉ ุชููู ุงููุตู,"8,0"
ุงูุงูุฉ ูุง ุจุฆุณ ุจูุง.,"7,0"
ุฌูุฏุฉ ุงูู ุญุฏ ูุง,"7,0"
ููุฏู ุนููู,"8,0"
ุฌูุฏุฉ,"9,0"
ูููุฒุฉ ูููุง ุฏูุฑุงุช ุงูููุงู,"7,0"
ูุณุชุงูู ุงูุฅูุงูุฉ ููู ูู ูุฑุฉ,"8,0"
ูุง ุงูุฑุฑ ุงู ูู ุงูู ูุถุทุฑุฉ,"7,0"
ูุงูุช ุฅูุงูู ุฑุงุฆุนู ูุถูุงูู ููุชุงุฒู ูุชุฑุญูุจ ุญุงุฑ ููุคุฏุจ ูุฃุฎุต ุจุงูุฐูุฑ ุฅุจู ุงููุทู ูุญูุฏ ุงูููุธู ุงูุจุดูุด ุงูุฑุงุฆุน ูุฒููุงุฆู ุฃุจูุงุก ุงููุทู,"9,0"
ุงูุงูุฉ ููุชุนุฉ,"8,0"
ุฌูููุฉ,"9,0"
ุฅูุงูุฉ ุฌูุฏุฉ,"9,0"
ุดูุฑุงู ุงูููุฏู ูุจูู ุฒูุงุฑุฉ ุซุงููู,"8,0"
ุฌูุฏ ุฌุฏุง ุจุดูู ุนุงู,"8,0"
ุฌูุฏุฉ ูุณูู ุชุชูุฑุฑ ุขูู ุชุญุณูู ุฃุฎุทุงุฆูู ุงูุจุณูุทุฉ ููุท,"9,0"
ูุงูุช ุงููุงูุฉ ุณุนูุฏุฉ ูุณูู ุงูุฑุฑูุง,"9,0"
ูู ุดู ุฌููู ุงูุงุณุชูุจุงู ูุงูุฎุฏูู ุณุฑูุนู  ุชุฌุฑุจู ุชุณุชุญู. ุงูุชูุฑุงุฑ,"8,0"
ูููุฉ ูู ุจุฑูุฑุง ูุฑุทุจุฉ ูุงูุช ุฑุงุฆุนุฉ,"8,0"
ููุงู ุฑุงุฆุน ูุฌููู ููุธูู ูุดูุฑ ุฎุงุต ุณุงุฑุง ูุฑูุนุฉ ุชุนุงูููุง ูุญุณู ุงุฎูุงููุง .,"8,0"
ููุชุงุฒุฉ ููุฑูุญู,"8,0"
ุงุดูุฑ ููุธูุฉ ุงูุงุณุชูุจุงู ุจุงูุฐุงุช ุงูุฃุฎุช ุณุงุฑู ูุชุนุงููุฉ ุฌุฏุงู,"7,0"
ุฌูุฏ,"8,0"
ููุชุนู ูุฑูุญู,"9,0"
ุฌููู ุฌุฏุงู ูุณุชุญู ุงูุฒูุงุฑุฉ ูุฑุฉ ุฃุฎุฑู ูููุธููู ุงูุงุณุชูุจุงู ุชุจุงุฑู ุงููู ุนูููู ุดุฏูู ุญุณู ุชุนุงูููู,"7,0"
ุชุฌุฑุจุฉ ุชุณุชุญู ุงูุชูุฑุงุฑ,"8,0"
ุฌููู ููู ูุชุนุจ,"9,0"
ูุดูุฑ ููุฏู ุจุฑูุฑุง,"9,0"
ุงูููุฏู ุฌููู ููุฑูุญ ูููู ุงูุซุฑ 7 ูุฑุงุช ุงุณูู ููู,"9,0"
ุฌูุฏุฉ,"7,0"
ุงูุงูุฉ ุฑุงุฆุนุฉ ููู ูุฌุจ ุงูุงุฎุฐ ุจุงูุชุนููู,"7,0"
ุญุฑูุต ุนูู ุงุฎุชูุงุฑ ุจุฑูุฑุง ูู ุฑุญูุงุชู ุงููุงุฏูุฉ,"9,0"
ุชูุฏุฑูู ุชุทูุฑูู ุจูุถุน ูู ุดู ูู ููุงูู ุนู ุงููุฎุจุทุฉ,"8,0"
ุฃูุถู ูุณุชูู ูููุฏู 4 ูุฌูู. ุฑุงุฆุน,"9,0"
ููุฏู ูุธูู ูููุธููู ุณูุฆูู ุฌุฏุงู ูุงุณุนุงุฑ ูุฑุชูุนู ุฌุฏุงู,"8,0"
ุฌููู,"9,0"
ูู ุงุนูุฏ ุงูุชุฌุฑุจุฉ,"7,0"
ููุงู ุฑุงุฆุน ู ูุณุชุญู ุชูุฑุงุฑ ุงูุฒูุงุฑุฉ .. ู ุดูุฑ ุฎุงุต ููููุธูุฉ ุฏูุงู ุงูุดููุงูู ุนูู ูู ุชุนุงูููุง ู ุงุฏุงุฑุชูุง ู ุฑุญุงุจุฉ ุตุฏุฑูุง ูู ุฎุฏูุฉ ุงูุนููู,"8,0"
ูููุฉ ุนุงููุฉ ููุงุจู ุงูุณุนุฑ ู ุซุงูุฑ ูู ุงูุงุณุชูุจุงู ุฌุฏุง ุบูุฑ ูู ุชุฌุฑุจุชู ููุฃูุถู,"9,0"
ูุงูุช ุงูุงูุงูู ุฌูููู ู ุฑุงุฆุนู,"8,0"
ุงูุงูุชู ุณุฑูุนู ูุฏูุนุช ูุจูุบ ุงูุทุงุฑ ููู ุงุณุชูุฏ ุจุณุจุจ ุงูุชูุงุก ููุช ุงูุงูุทุงุฑ ูุจูุฑุงู,"7,0"
ูุฌุจ ุชูููุฑ ุฌููุน ุงูุงุญุชูุงุฌ ูููููู ููู ูููู ูู ุดูุฆ ููุชุงุฒ ู ุงุชููู ุงูุชูููู ููู,"9,0"
ุงูุงูุฉ ุฑุงุฆุนุฉ,"8,0"
ุงููููุฉ ููุงุจู ุงููููุฏ ููุชุงุฒุฉ ูุงูููุฏู ุญุฏูุซ ููุฑุชุจ ูุงูููุจู ุญูู,"9,0"
ุจุฑูุฑุง ูู ุตุบูุฑ ููู ูุญุจ ุงููุฑุจ ูู ุงูุฒูุฌ..,"8,0"
ุงูุงูู ุฌูููู ูุณุฃูุฑุฑูุง ุจุฅุฐู ุงููู,"9,0"
ุงุดูุฑ ุงูุงุฎ ุญุณุงู ุงูุณุฑุญุงูู ุนูู ุญุณู ุงูุชุนุงูู,"9,0"
ูู ุงููุณุชูุจู ูู ูููู ุงููุฒูู ูู ุงูููุฏู ุงูุฎูุงุฑ ุงูุงูู ุณูู ุงุจุญุซ ุนู ุฎูุงุฑุงุช ุงูุถู ูููู ูุงูุช ุงูุงูุงูุฉ ูู ุฌูุฏุฉ,"7,0"
ุฌูุฏุฉ ุฌุฏุง,"7,0"
ูุงุจุฃุณ,"7,0"
ุงูุงูุชูุงู ูู ุงูุญุงุฌุฒูู ุนู ุทุฑูู ุจููููุฌ,"7,0"
ุงูุซุฑ ูู ุฑุงุฆุน,"9,0"
ุฌูุฏุฉ ููุนุงู ูุง,"8,0"
ุฌููู,"9,0"
ููุธู ุงูุงุณุชูุจุงู ุจุฏุฑ ุฌุฏุง ุณุฆ,"8,0"
ุงุดูุฑ ุฌููุน ุงูุนุงูููู ูู ุงูููุฏู ูู ุงููุฏูุฑ ุงูู ุนุงูู ุงููุธุงูุฉ,"8,0"
ููุชุงุฒ ููุญุชุงุฌ ุชุฎุทู ุจุนุถ ุงูุณูุจูุงุช,"9,0"
ุงูููุงู ูุฒุนุฌ ูู ุญูุซ ุงูุณูุงู ูุฐู ูุงูุช ุชุฌุฑุจุชู,"7,0"
ุฌูุฏู ูููู ุงูุณุนุฑ ูุฑุชูุน,"7,0"
ุงูุงูุฉ ูุงูุช ุฌูููุฉ ููู ุงูููุธููู ูุงูุนูุงูุฉ ุณูุฆูู ูู ุงุฌุฑุงุกุงุช ุงูุฏุฎูู ูุทูู ุงูุชุธุงุฑ ุงูู ุญุฏ ุณุงุนุชูู,"8,0"
ูุงูุช ููุชุนุฉ ุ ููุธุงูุฉ ุงูููุงู ุฑุงุฆุนุฉ ุงูุง ุงูู ููุชูุฑ ููุฎุตูุตูุฉ ุฏุงุฎู ุงูุบุฑู ุ ูุงูุถุงู ูู ุงูุณูุจูุงุช ุงููููุน ุญูุซ ุงูู ูุจุนุฏ ุนู ูุณุท ุงูุฑูุง,"8,0"
ุงูุฑุฑ ุงูุชุฌุฑุจู,"9,0"
ุจุฑูุฑุง ูู ุงูููุงุฏู ุงูุฌูููุฉ ูู ุซุงูู ุฒูุงุฑู ุจุนุฏ ูุฑุน ุงููุฒุงุฑุงุช,"8,0"
ุชุฌุฑุจู ุฌูููู ูุงูู ูุงูุช ุณูู ุชููู ุงุฌูู ๐ค,"8,0"
ุงูุฃูุงูุฉ ูุงููุธุงูุฉ,"9,0"
ูู ุนูููุง ูู ุงูููุงุฏู ุงููุญุจุจู ูุฏู,"8,0"
ุงูููุฏู ูุธูู ุฌุฏุงู ูุฌููู ูุงูุฑุงุฆุญุฉ ุทูุจุฉ,"9,0"
ูุณุชุญู ุงูุงูุงูุฉ,"9,0"
ูู ุฃูุถู ุงูููุงุฏู ุงูุชู ุชู ุฒูุงุฑุชูุง,"9,0"
ุชุตููู ุฑุงุฆุน ู ูุญูู ุทุงุจุน ุงูุญุฏุงุซุฉ,"9,0"
ููุฏู ูููุฒ ููุงูุช ุชุฌุฑุจุชู ููู ุฑุงุฆุนุฉ,"8,0"
ุฌูุฏุฉ,"7,0"
ููุงู ุฌููู ูุงูุฑุฑ ุงูุฒูุงุฑู,"9,0"
ุฌูุฏ ูููู ุฑุจูุง ููุงู ุฎูุงุฑุงุช ุฃูุถู ุจููุณ ุงูุณุนุฑ,"8,0"
ุงูููุงู ูุงูุงุทูุงูุฉ ุฌูููุฉ,"8,0"
ุฌูุฏ,"8,0"
ููุงู ููุงุณุจ ููุฑูุญ,"8,0"
ููุชุนุฉ,"8,0"
ูุฏูุก ูุฑุงุญุฉ,"9,0"
ููุธููู ูููุฒูู ููุบุงูู,"9,0"
ูู ุงูุฑุฑ ุงูุชุฌุฑุจุฉ,"7,0"
ุนุจุฏุงููู,"9,0"
ุฌููู,"9,0"
ุชูููู ููุฏู ุจูุฑูุฑุง,"8,0"
ูุงูุช ุงูุงูุฉ ุฌูููู ูุงูุฎุฏูุฉ  ุฑุงุฆุนุฉ ูุฑุงููู ุฎุตูุตุง ูุฏูุฑุฉ ุนูุงูุงุช ุงููุฒูุงุก ุงูุงุณุชุงุฐุฉ ุฑูุถุฉ ๐ท,"9,0"
ุชุฌุฑุจุฉ ููุชุงุฒุฉ ุจุงููุณุจู ูู,"8,0"
ุฌููู ููุงุฏูุก ููุฑูุญ,"8,0"
ููุฏู ูุงุฏู ูุฌููู,"9,0"
ุงูุฑูุงุถ,"8,0"
ูุถูุช. ุงุฌูู ูฅ ููุงูู ุจููุฏู ุจุฑุฆูุง ูุฑุทุจู,"9,0"
ูุฏูุก ุงูููุงู,"9,0"
ุฌูุฏ ูุงูุงุณุชูุจุงู ุฑุงุฆุน,"8,0"
ุจุดูู ุนุงู ููุจูู,"8,0"
ุชู ุงุนุชูุงุฏู ูู ุดุฎุตูุงู ููุฒูุงุฑุงุช ุงูุนุงุฆููุฉ ุงููุงุฏูุฉ .,"8,0"
ููุฏู ูุฑูุญ,"9,0"
ุฌููู,"7,0"
ุฃูุถู ููุงู ุงุฑุชุงุญ ููู,"9,0"
ุงูุบุฑู ูุธููุฉ ู ูุฑุชุจุฉ ุฑุบู ุตุบุฑ ุงููุณุงุญุฉ,"8,0"
ุฌูุฏ,"8,0"
ููุฏู ุฌููู,"9,0"
ุงูููุงู ููุชุงุฒ,"8,0"
ููุฏู ูุงุฏุฆ ููุฑูุญ,"8,0"
ููุฏู ุญูู,"8,0"
ุฅูุงูุฉ ุฌูููุฉ,"7,0"
ุฑุงุฆุน ูุฌููู ููุนูุงุฆู,"9,0"
ูุธูู ู ุงููู,"7,0"
ุงูุบุฑูู ุถุบูุฑู ูุงูุนุฒู ูู ุงูููุฑุงุช ุตูุฑ,"7,0"
ุงููููุน,"9,0"
ุฎุฏูู ุฑุงุฆุนู ูุงูููุงู ูุธูู ุฌุฏุง,"8,0"
ููุฏู ุฌููู ููุงุฏุฆ ูุงูุทุงูู ููุชุงุฒ ููุชุนุงูู ุฎุตูุตุงู ุงูุฃุฎุช ุฎููุฏ ุงูุชู ููุฑุช ุชุฌุฑุจุฉ ููุชุงุฒุฉ ุฎูุงู ูุชุฑุฉ ุงูุฅูุงูุฉ.,"9,0"
ุงูุงุฏูุงุช ูู ุงูุบุฑููู ูุงูุตู ูุงููุฌุฏ ูุฑุดุฉ ุงุณูุงู ููุงุณููุจุฑ,"7,0"
ุชุฌุฑุจุฉ ูุทููุฉ ูููุชุนุฉ ูู ููุงู ุฌููู.,"9,0"
ููุฏู ุฌูุฏุง,"8,0"
ูู ุชุชูุฑุฑ,"7,0"
ุฌูุฏ,"6,0"
ุดูุฑุง ุจุฑูุฑุง,10
ุดูุฑุงุง ููู ุนูู ุฌูุงู ูุฑูู ุงูููุงู,10
ููุงู ุฌููู ุฌุฏุง,10
ุดูุฑ ุฎุงุต ุงูุงุณุชุงุฏ ุงุญูุฏ ูุชุญู,10
ุงูุงูุฉ ุฌูููุฉ,10
ููุงู ุฌููู,10
ูู ุงูุดูุฑ ุจุฑูุฑุง ูุฑุทุจู,10
ุฌูููุฉ,10
ุดูุฑุง ูุญูุฏ ุงูุนุณูุฑู,10
ุงูุถู ููุงู ููุงูุงูุฉ,10
ุชุนุงูู ุฑุงุฆุน ูููุธููู ุฑุงุฆุนูู ูุจุงูุฐุงุช ุงูุงุฎ ุตุงูุญ ูู ุงูุงุณุชูุจุงู ูุงููุฆ ุงูุงุฏุงุฑุฉ ุนูู ุญุณู ุงูุงุฎุชูุงุฑ ููุฌููุน,10
ุงูููุธููู ุฑุงุฆุนูู ููุชุนุงูููู,10
ุชุนุงูู ุฑุงูู,10
ููุชุนุฉ,10
ุงุชุฌู ููู ูู ุฑุญูุชู ููู ุดู ุฌููู ูุฏููู,10
ูุฑูุญ ููุธูู ุฌุฏุงู,10
ููุฏู ูุงุณุชูุจุงู ุงูุซุฑ ูู ุฑุงุฆุน,10
ุงุฌูู ุงูุงูู ุจุงููุณุจู ูู,10
ุฑุงุญุฉ ุจูุนูู ุงููููุฉ,10
ุงุดูุฑ ุงูุงุณุงุชุฐุฉ ูุญูุฏ ุงูุดูุฑู ูููุฏ ุงูุนูุฒู ุูุดูุฑูู ููุฑุงู ูุฃุญูุฏ ุนูู ุญูุงูุฉ ุงูุงุณุชูุจุงู ูุญุณู ุงูุชุนุงูู ุ ูููุชู ููุบุงูุฉ ุน ุฎุฏูุฉ ุงูุนููุงุก,10
ุงุชููุน ุงููุง ุชุฌุฑุจู ูู ุชุชูุฑุฑ,"6,0"
ุจุฑูุฑุง ููุฑูุนูุง ูู ุงูุฃูุถู ูุฌูู ูุฃู ููุงู,10
ููุฏู ุญูููู,10
ุดูุฑ ุฎุงุต ุงูุงุณุชุงุฐ / ุงุญูุฏ,10
ุฌููู ููุฑูุญ,10
ูุงูุช ุงูุงูุฉ ุฑุงุฆุนุฉ .. ูููุณุช ุงูุฃุฎูุฑุฉ,10
ุดูุฑุงู,10
ุงูุฅูุงูุฉ ุฌุฏุงู ุฌูููู ููู ุงูู ุฅูุงูุฉ ููู ุฃูู ุฃุชููุน ุงูุงูุชูุงู ูุงููุธุงูุฉ,10
ุงูุฅุณุชูุจุงู ุฑุงุฆุน . ุงูุฃุณุชุงุฐ ุฃุญูุฏ ูู ุงูุฃุณุชูุจุงู ูุงู ูุฏูุด ูู ุญูุงูุชู ูุฃุฏุจู ู ุชุนุงููู,10
ููุงู ููุชุงุฒ ุฌุฏุงู ูุชุนุงูู ุฑุงูู ุฌุฏุงู ูู ุงูููุถููู,10
ุดูุฑุงู ููููุธูู ููุงู ุนูู ุงูุชุฑููุฉ ูุงูููุธู ุงูุฎููู ุงุญูุฏ ูุงูููุธูุฉ ูุฑุงู๐ค,10
ููุฏูู ุงูููุถู ูุฌูุงู ุงูููุงู ูุชูุณูู ุงููุฑูุฏ ูุญุณู ุชุนุงูู,10
ุดูุฑุง ููููุฏู ุนูู ุงูุงูุชูุงู,10
ููุชุนุฉ ูุฌูููุฉ ูุงูุฑุฑ ุดูุฑ ููุงุฎุช ูุฑุงู,10
ุดูุฑุง ููู ุงูููุธููู,10
ุงูููุงู ูุธูู ููุฑูุญ ุฌุฏุง ุฎุฏูุงุช ูููุณู   ุชุนุงูู ุญุฏุง ูุทูู ููุญุชุฑู ูู ูุฑุงู ุงูุนุชูุจู,10
ุงูุชุนุงูู ุงูุฌูุฏ ูุตูุน ุงููุฑู,10
ุฑุงุฆุนุฉ,10
ุงูุงูุฉ ููุชุงุฒุฉ,10
ุดูุฑุงู ููุงุฎ   ุฃุญูุฏ ูุชุญู,10
ุชุฌุฑูุจู ุชุณุชุญู ุงูุชูุฑุงุฑ,10
ุญุทูุง ูููุฉ ูุดุงูู ุถูุงูุฉ ููุถููู,10
ุฌูููุฉ ุฌุฏุงู ุงูุฑุฑูุง ุจ ุญูุจ ๐ซถ๐ผ,10
ูุณุชุญู ุงูุนูุฏู ูุฑู ุงุฎุฑู,10
ุงูููุฏู ูุธูู ูููู ููุณูุง ูุฒุนุฌ ูุนุฏู ูุฌูุฏ ููุงูุฐ,"4,0"
ุณูุฆุฉ ูู ุณูุก ููุธู ุงูุงุณุชูุจุงู / ุนุจุฏุงูุฑุญูู ุนุณูุฑู,"1,0"
ุฑุงููุฉ ูุฌูููุฉ ููุฏูุก .. ูุงูุฅูุทุงุฑ ุฌููู ุฌุฏุง,10
ุฃุญูุฏ ูุชุญู ุญูุงูุฉ ุงูููุงู ๐๐ป,10
ุดูุฑุง ุจุฑูุฑุง,10
ุชุญุฑุจุฉ ููุชุงุฒู,10
ุงุณุชุฌูุงู ูุงุญูุง ููุงู ุงุณูู ููู,10
ุทุงูู ุนูู ุฑุงุฆุน ูู ูุณู ุงูุงุณุชูุจุงู ุงูุฌููุน ุจุฏูู ุงุณุชุซูุงุก ููุฐูู ุงูุงุฎุช/ ุดูุฑูู ูู ูุณู ุงูุนูุงูุงุช ุงูุนุงูุฉ ุ ุชูุชู ุจูุชุงุจุนุฉ ุงููุฒูู,10
ููุฏู ุจุฑูุฑุง ูุฑุทุจู ูู ุงูุถู ุงูููุงุฏู ุงูุชู ุงููุช ูููุง ูู ุงูุฑูุงุถ,10
ุงุดูุฑ ููุธููู ุงูุงุณุชูุจุงู ูููุฉ ููุฑุงู ูุงูุงุณุชุงุฐ ุงุญูุฏ ูุชุญู ุดูุฑุง ุนูู ุงูุงูุงูุฉ,10
ููุฏู ุฌููู,10
ุชุฌุฑุจู ุณูุฆู ูู ุชุชูุฑุฑ,"5,0"
ุฌุฏุงู ููุชุนู,10
ุงุดูุฑ ููุธููู ุงูุงุณุชูุจุงู ููุงู ููุฑุงู ูุงูุฃุณุชุงุฐ ุงุญูุฏ ูุชุญู ุชุฌุฑุจุฉ ููุชุงุฒุฉ,10
ูุงูุช ูููู ูุงุญุฏู ูุฒุนุฌู ูู ูุจู ููุธู ุงูุงุณุชูุจุงู,"4,0"
ุงุดูุฑ ุงูุงุณุชุงุฐ ุงุญูุฏ ูุชุญู ุดูุฑ ุฎุงุต ุนูู ุฑูุญู ุงูุทูุจู ูุงุณุชูุจุงูู ุงููููุฒ ุญูุซ ูู ูุชูุงูู ูู ุฎุฏูุชูุง,10
ุดูุฑุง ุฌุฒููุง ููู ุนูู ุงูุฅูุงูุฉ ูุฎุตูุตุงู ุงูุฃุณุชุงุฐ ุงุญูุฏ ูุชุญู ุชุนุงูู ุฌุฏุง ุฑุงูู ูุนุทููู ุงูุนุงููุฉ,10
ุดูุฑุง,10
ุชุฌุฑุจุฉ ุชุณุชุญู ุงูุชูุฑุงุฑ,10
ุดูุฑุงู ููู ๐ซฐ๐ป,10
ุฑุงุฆุนุฉ,10
ุดูุฑุง ุฎุต ููุงุณุชุงุฐ ุงุญูุฏ,10
ุฎุงูุต ุงูุดูุฑ ู ุงูุชูุฏูุฑ,10
ุดูุฑุงู ููู ูุงูุช ุงูุงู ุฑุงุฆุนุฉ,10
ูุณุชุญู ุงูุงุฎุชูุงุฑ ุฏุงุฆูุงู,10
ุงููุฏูุก ูุนูุฉ ูุฌุฏุชู ุจู ุงูููุฏู ูุชูุฒูุน ุงููุฑูุฏ ุจูู ููุงู ูุฐูู ุงูุฑุงุฆุญุฉ ุงููุนุทุฑุฉ ุงูุฌูููุฉ ูู ุงูุญุงุก ุงูููุฏู,10
ููุณุช ุณูุฆุฉ ู ููู ูุงู ููุงู ุงูุถู ุจูุฐุง ุงูุณุนุฑ,"1,0"
ุดูุฑุงู ููู ูุฎููู ุงูุงุณุนุงุฑ,"4,0"
ููุงู ูุงุฏุฆ ู ูุฑูุญ ูุฎุฏูุงุช ุงูุงุณุชูุจุงู ุณุฑูุนู ู ููู ููุธู ุงุณูู ุงุญูุฏ ุชุนุงููู ูุฏูุฏ ู ูุญุชุฑู,10
ูุง ุงุฑูุฏ ุชูุฑุงุฑูุง,"2,0"
ุดูุฑ ุฎุงุต ูููุฏูุฑ ุงุญูุฏ ุนูู ูุจุงูุชุฉ ูุชุนุงููุฉ ูุงู ุจุถูุงูุชูุง ุงุญุณู ุถูุงูุฉ,10
ุงูุฅูุงูุฉ ูุงูุช ูุฑูุญุฉ ูุงูููุฏู ุฌุฏูุฏ ููุงุฏุฆ ููููุฑูู ุฌููุน ุงูุงุญุชูุงุฌุงุช  ููุถููู ุจุงูุบุฑูู ูุชุนุงูู ุทุงูู ุงูููุฏู ููุชุงุฒ ุฌุฏุง,10
ุงูุงูุฉ ููุชุงุฒุฉ ููุฑูุญุฉ ุฌุฏุง,10
ูุงุจุฃุณ ุจูุง ูููู ูุง ุชูุฑุฑ,"4,0"
ุฏูุนุช ูุงูุฑุงู ุนูุดุงู ุงุณูู ุงุณุนุงุฑ ุบุงููู ุฌุฏุง ุนููุง ุงู ุงููุช 3 ุงูุงู ูุงุฎุฑ ููู ุงูุณุนุฑ ุบูุฑ ุดุงูู ุงูุงูุทุงุฑ ุนูุดุงู ุฎุตู 10ูชุ,"6,0"
ููุฏู ูุณุชุญู ุงูุชุฌุฑุจุฉ,10
ุดูุฑุง ููุงุฎุช ููุงู ูุงูุงุฎุช ูุฑุงู ุงุณุชูุจุงู ูุชููุฒ,10
ุงูุงูุฉ ุงูููุฉ โฆ ุถูุงูุฉ ุฑููุจุฉ,10
ุจุฅุฐู ุงููู ูู ุฒูุงุฑุฉ ุฃุฎุฑู,10
ุชุฌุฑุจุฉ ุณุชุชูุฑุฑ,10
ุชุนุงูู ุงูููุธููู ุฌุฏุง ููุชุงุฒ ูุฎุตูุตุง ุชุนุงูู ุงูุงุฎ ุงุญูุฏ,10
ููุฏู ุฌููู ุฌุฏุงู ูุงูุนุงูููู ููู ุนูู ูุณุชูู ุนุงูู ูู ุงูููููุฉ ุดูุฑุงู ููู,10
ุชุนุงูู ุงุฏุงุฑุฉ ุงูููุฏู ุฎุตูุตูุง ุชุนุงูู ุงูุงุณุชุงุฐ ุงุญูุฏ ุงุญุชุฑุงูู,10
ููุงู ุฌููู ููุธุงูู ุนุงููู ูุฑุงุฆุญุฉ ุฌูููู ุชููุฆ ุงูููุงู ุนูููู,10
ุดูุฑุง ููููุธููู ุนูู ุชุนุงูููู  ูุงุณุชูุจุงููู ุงูุฑุงุฆุน ูุฎุงุตุฉ ุชุนุงูู ุงููุฏูุฑ ุงุญูุฏ,10
ููุชุงุฒ ุฌุฏุง ูุดูุฑูุง ููุฃุณุชุงุฐ ุงุญูุฏ ุนูู ุงูุงุณุชูุจุงู ุงูุฑุงูู,10
ุงููุชุนุฉ ูู ููุงู,10
ุงุดูุฑ ุงูุฃุณุชุงุฐ ุงุญูุฏ ุนูู ุญุณู ุงูุงุณุชูุจุงู,10
ุชุนุงูู ุงูููุธููู ุฎุฏูููู ูุจุดูุดูู ูุงููุฏูุฑ ุงุญูุฏ ุชุนุงููุฉ ุฌุฏุฃ ุฑุงูู ูุจุดูุด,10
ุชุฌุฑุจุฉ ูู ุชุชูุฑุฑ ุจุฅุฐู ุงููู,"1,0"
ูุฌูุฏ ููุธููู ุฑุงุฆุนูู ูุงุณุชูุจุงู ุงุฌูู ุชุถูู ูู ุงูุงุณุชูุฑุงุฑูุฉ ุงูุฏุงุฆููุฉ ููุฐูุงุจ ุงููู,10
ุงูุงุณุชูุจุงู ูุทุฑููุฉ ุงููููุฉ ุงูุนุฑุจูุฉ ููุถููู ุนูุฏ ุงูุงุณุชูุจุงู ูุชุนุงูู ุงูููุธููู ูุฃุฎุต ุงููุฏูุฑ ุงุญูุฏ ุดูุฑูุง ููู,10
ูุง ูููู ุงูุณูู ููู ูุฑู ุฃุฎุฑู,"5,0"
ููุฏู ูููุฒ ุฌุฏุง ุจุงูุฑุงุญุฉ ูุงููุฏูุก ูุงูุฎุฏูุฉ ููู ุฑุงุฆุนุฉ ุฌุฏุง,10
ูุงูุช ุงูุงูุฉ ููุชุนุฉ ููู ุชููู ุงูุฃุฎูุฑุฉ ุงุฐุง ุดุงุก ุงููู,10
ุชุนุงูู ุงูููุธููู ูุญุชุฑููู ุฌุฏูุง ูุจุงูุฃุฎุต ุงูุงุณุชุงุฐ ุงุญูุฏ,10
ุงูู ุฒูุงุฑุฉ ูููุณุช ุงุฎุฑ ุฒูุงุฑุฉ ุจุฅุฐู ุงููู ๐,10
ุงุดูุฑ ูุฐู ุงูุดุฑูุฉ ูุงุชููู ููุง ุงูุชูุฏู ุฏุงุฆูุง,10
ุฃุณุชุซูุงุฆู,10
ุงููุงูู ููุชุนู ๐,10
ูู ุดูุก ุฌููู ููุฏู ูุฎู ูุชุนุงูู ุฑุงูู ูุจุงูุงุฎุต ุงูุฃุณุชุงุฐ ุงุญูุฏ ุชุนุงูู ูุนูุง,10
ููุฏู ุฑุงุฆุน ูุณูู ุชุชูุฑุฑ ุงูุฒูุงุฑุฉ,10
ููุงู ููุฑููุงู,10
ุงูููุฏู ุฌููู ูุชุตููู ุงูุฏุงุฎูู ููููุฏู ูุทุงูู ุงูุนูู ูุฏูุฏ ูุฃุดูุฑ ุงูุงุฎ ุงุญูุฏ ุนูู ุฃุฎูุงูู ูุฑุญุงุจุฉ ุตุฏุฑุฉ,10
ุชุฌุฑุจุฉ ูุงูุช ุฑุงุฆุนุฉ,10
ุงุชููู ูู ูุฒูุฏ ูู ุชูุฏู,10
ูุซุงุงุงุงูู ูุฑููุจ ุฌุฏุงู,10
ููุฏู ุงุณุชุซูุงุฆู,10
ุชุฌุฑุจุฉ ุฑุงุฆุนุฉ,10
ุดูุฑุง ุฌุฒููุง ููุงุณุชุงุฐ ุงุญูุฏ ุนูู ุชุนุงููุฉ,10
ุงุชููู ููู ูุฒูุฏ ูู ุงูุชูุฏู,10
ูุงูุช ุงูุงูุฉ ุฌูููุฉ ุฌุฏุงู,10
ุงูุงูู ูุงุฎุฑุฉ๐ค๐ค,10
ุดูุฑุง ููููุฏู ูุดูุฑุงู ุจูููุฌ,10
ููุฏู ูุธูู ูุชุนุงูู ููุธููู  ุงูุงุณุชูุจุงู ูุนููู ููุธููู ุงูููุฏู ุชุนุงูู ููุชุงุฒ ูุฌููู,10
ุงููุณุงุจุญ ูุงููุฌุฏ ูุถูุงุช ูุฏุฎูู ูุงูุฎุฑูุฌ ูู ุงููููู ููุง ููุฌุฏ ุบุฑูู ูุชุบูุฑ ุงูููุงุจุณ ุงู ุฏุด ุนุฏู ุงูุชุดูู ุนูู ุงูุบุฑูู ูุจู ุญุธูุฑ ุงููุฒูู ุงูู,"1,0"
ูู ุงุฌูู ุงูุงูุงูู,10
ุงุณูุก ุงูุงูู ูู ุงููู ูููุชู,"6,0"
ูู ุชุชูุฑุฑ,"2,0"
ูู ุชุชูุฑุฑ ุชุฌุฑุจุชู ูู ุจุฑูุฑุง ูุฑุทุจู,"5,0"
ููุงู ุฌููู ูุฑุงุฆุน ููุฑูุญ ููุณูุงู ูุงูุตุญ ุจู ุจููู,10
ูู ุชุชูุฑุฑ ุงุจุฏุงู,"1,0"
ูููุง ุงูุงูู ุงูุถู ูููุง ูุจููุณ ุงูุณุนุฑ ุงูุบุฑูู ูุงูุช ุถููู ููุชูู,"3,0"
ููุงูู ุฌูููุฉ,10
ุงูุญูุฏููู,"5,0"
ุงุจุฏุงุน ูู ูู ุดู ููุธููู ูุณุงุนุฏุฉ ูุฎุฏูุฉ ุณุฑูุนู,10
ุฌููู ุฌุฏุง ููุชุน ูููู ุชุฃุฎุฑ ูู ุชูุธูู ุงูุบุฑูู ูฆุงู ูง ุณุงุนุงุช,"6,0"
ุจูุฏู ุฏุงุฆููุง ูุจุฏุนูู,10
ูุงูุช ุชุฌุฑุจู ูุณุงูุฑ ููุท,"5,0"
ุนุงุฏู,"6,0"
ุงูุชูู ุจุงูููุธููู,"6,0"
ููููุณ ุงูู ูู ุงูุจุดุฑ  ๐๐ผ,"1,0"
ุณูุฆุฉ ุฌุฏุงู,"1,0"
ุงุดูุฑ ุงูุงุณุชุงุฐ ุซุงูุฑ ุนูู ุชุณููู ุงุฌุฑุงุกุงุช ุงูุงูุงูู ุญูุซ ุงูู ูู ุงูุถู ุงูููุธููู ูู ุงูููุฏู,10
ูู ุดู ุฌููู,10
ุงูุงุณููุจ ุงูู ุจูุซูุฑ.,10
ูู ุงุณุชูุงู ุงูุบุฑูู ุจุณุจุจ ุนุฏู ุฌุงูุฒูุฉ ุงูุฌูุงุญ  ุจุนุถ ุงูุงุฌูุฒุฉ ุจุงูุบุฑูุฉ ูุงุชุนูู,"1,0"
ุงูุฎุฏูู ุงูููุฏูุฉ ูุชูุงุถุนุฉ ูุงูุงุณุนุงุฑ ุนุงููุฉ ุฌุฏุงู,"1,0"
ููุงู ุฌููู ูููุธู ุงูุงุณุชูุจุงู ุฌูุฏ ููุชุนุงูู ูููู ูุฌูุฏ ูุฐุง ุงูููุน ูู ุงูููุงุฑุถ ูุฏู ุนูู ุนุฏู ุงููุธุงูุฉ ูุนุฏู ุงูุงูุชูุงู ุจูุง ููุงุณู ุงูุดุฏูุฏ,10
ุงูุงูุฉ ููุชุนุฉ ูุณุฃูุฑุฑูุง ุจุงุฐู ุงููู,10
ููุฏู ูุง ุจุฃุณ ุจู,"5,0"
ุนูููุงู ุงุฐุง ุฌุง ูุฑุตู ุงุนุชูุฏ ุจูุฑุฑ ุงูุฒูุงุฒุฉ ๐๐ผ,10
ุฑุงุฆุนุฉ,10
ุณุฑูุนุฉ,"1,0"
ุงูุงูุงูู ุฌูููู ูุงุฑุบุจ ุจุงูุนูุฏู ูุฑู ุงุฎุฑู ูููู ุงููุทุนู ูุง,10
ุดูุฑุง ููู,10
ุงุฏุงุฑุฉ ุงูููุฏู ูุชูููุฉ ูููุดุงูู ุงูููุฏู,"5,0"
ุตุฏูุฉ ุนูุฑ,"4,0"
ูู ุฃุนูุฏ ุงููู ูุฑู ุฃุฎุฑู,"6,0"
ุฌูุฏุฉ,"6,0"
ูู ุชุชูุฑุฑ ุงูุงูุงูุฉ ููุฑุน ูุฑุทุจุฉ ูุตุบุฑ ุงูุบุฑู ูุตุบุฑ ุฏูุฑุฉ ุงูููุงู,"5,0"
ูุงูุตุญ ุงุจุฏ ููู,"1,0"
ุดูุฑุงู ูุญุณู  ุงูุถูุงูุฉ.,10
ุงูุงุจุชุฒุงุฒ,"1,0"
ูุง ุฃูุตุญ ููู ูุงูุจุฏุงุฆู ูุซูุฑุฉ,"5,0"
ูููุนู ุฌูุฏ ููุฑุจ ุฌููุน ุงูุฎุฏูุงุช ูููุฌุฏ ุจู ููุงูู ูููุง ูุธูุงุช ููุณูุงุฑุงุช ูุงููุธุงูุฉ ููููุง,10
ููุฏู ุฌููู ููู ูุญุชุงุฌ ุชุญุณูู ุจุงูุฎุฏูุงุช,"4,0"
ูู ุงูุฑุฑ ุงูุฒูุงุฑุฉ ููุฐุง ุงูููุฏู,"1,0"
ุงุชููู ุงุนุงุฏุฉ ุงููุธุฑ ูููุง ูุชุนูู ุจุงููุดุงูู ูู ุงูุชุนููู,10
ูุงุฏุฆุฉ ู ุฌูููู ู ูุฑูุญุฉ,10
ุชุณุชุญู ุงูุชุฌุฑุจู ๐ซ,10
ุญุจูุช ูุธุงูุฉ ูุฑูุญุฉ ุงูููุงู ุงูููุงุญุฉ,10
ุฌูููุฉ,10
ุงูุงูู ูุฑูุญู ูุงุญุจ ุงู ุงูุฏู ุดูุฑ ุฎุงุต ููุงุฎุช ูุฑุงู ุนูู ุงูุงูุชูุงู ุจุงููุฒูุงุก ูุงูุณุนู ุงู ุชููู ุงูุงูุชูุง ูุฑูุญุฉ,10
ูุงูู ุงูููุธููู ููู ุงูุงุญุชุฑุงู,10
ุงูููุฏู ูุธูู ููููุนู ูุฑูุจ ูู ุงููุทุงุฑ ( ูุงุดูุฑ ุงูุฃุฎุช ูุฑุงู ุนูู ุงูุฃุณููุจ ุงูุฑุงูู ูุงูุช ูููู ุจุฎุฏูุงุช ุงูููุฏู,10
ุดูุฑุง ููู ูู ุญุงุฌุฉ ูุงูุช ุชูุงู,10
ุงูุชูููู ูุงูุนูู ูู ุงูููุช,"4,0"
ูู ุชุชูุฑุฑ,"3,0"
ูุง ุงูุตู ุงุญุฏ ุจุงูุณูู,"5,0"
ุดูุฑุง ูุฌููุน ุงูุนุงูููู ูู ุงูููุฏู,10
ุณุฃุนูุฏ ููุฑุงุช ุงุฎุฑู ุจุงููุณุชูุจู ุงู ุดุงุก ุงููู,10
ูุณุชุงูู ุงูุฒูุงุฑู  ุ ุงูููุงู ุงูุงูู ุงูุฌู ุงููุธุงูู ูุงูุนูุงูู ูุงููู,10
ุงูุงุณุชูุจุงู ุงูุฌููู ูุฑูู ุงูุชุนุงูู ูู ุฌููุน ุงูููุธููู ุฎุงุตุฉ ุชุนุงูู ุงูุฃุณุชุงุฐ ุงุญูุฏ ููุธุงูุฉ ุงูููุงู ูุงููุฏูุก,10
ุงูุฎูุงุฑ ุงูุงูู ููุณูู ุณูุงุก ุนูู ุงู ุชุฑููู,10
ุฌููู,10
ุงูุณุนุฑ ุฌุฏุง ูุฑุชูุน ุนูู ุบุฑูุฉ ุตุบูุฑุฉ,"1,0"
ููุชุนุฉ ูุชุฌุฑุจุฉ ูุฑูุฏุฉ ููุฎูุฉ,10
ูุงูููุธููู ูุญุชุฑููู ููุชุนุงูููู ูุฎุฏูุชูู ูุฑุฉ ููุชุงุฒุฉ ูุงุฎุต ุจุงูุฐูุฑ ุงูุฃุณุชุงุฐ ุงุญูุฏ ุชุนุงูู ูุฃุณููุจ ุฑุงูู ุฌุฏุง,10
ููุฏู ุฎูุงู,10
ุงุดูุฑ ุงูุงุณุชูุจุงู,10
ุงุดูุฑุฑุฑุฑ ุงูุงุณุชุงุฐ ุงุญูุฏ ุฌุฒูู ุงูุดูุฑ ูุงููููู ุงู ููุงู ูุชูููู ูุงููู ุงูุณุงู ุฎุฏูู ููุชุนุงูู ูุงุจุนุฏ ุฏุฑุฌุฉ,10
ุงุฌูู ููุงู ูู ูุงุฆูุฉ ุจูุฑูุฑุง,10
ูุงูุช ุงูุงูุฉ ุบูุฑ ูุฑูุญู ุจุณุจุจ ุชุนุงูู ุงูุนุงูููู,"1,0"
ูุดููุฑูู,10
ุงูููุงู ูุงุฏู ูุฌููู ูุงูููุธููู ูููุฒูู ูุฎุตูุตูุง ุชุนุงูู ุงูุงุฎ ุงุญูุฏ,10
ููุจูู ููููโฆ,"5,0"
ููุงูู ุงูููุถู,10
ุงููุธุงูุฉ ูุญุณู ุงูุงุณุชูุจุงู ูู ุงูุงุณุชุงุฐ ุงุญูุฏ ููุฎุงูุฉ ุงูููุฏู,10
ุชุฌุฑุจุฉ ุฑุงุฆุนุฉ ูููุฏู ุฌููู,10
ุงูููุงู ุฃูุตุญ ููู ุฌุฏุงู ุฑุงูู ููุงุฏุฆ,10
ูุงูุช ุฃูุงูุชู ุฌูููุฉ ููู ุงูุชููุนุงุช ูุงูุดูุฑ ููุฌููุน ูุดูุฑ ุฎุงุต ููุฃุณุชุงุฐ ุงุญูุฏ,10
ุญุฌูุฒุงุชู ุจุงูุฑูุงุถ ุงุบูุจูุง ุนูุฏูู ุจุณ ุฑุงุญ ุงุถุทุฑ ุงุบูุฑ ูุงูููุฏู ุชุนุงูููู ุฌุฏุง ุชุบูุฑ,"5,0"
ุชุฌุฑุจุฉ ูู ุชุชูุฑุฑ ุฃุจุฏุงู ููุง ููุฌุฏ ุงุญุชุฑุงู ููุฎุตูุตูุฉ .,"1,0"
ุชุฌุฑุจุฉ ูู ุชุชูุฑุฑ,"2,0"
ุชุฌุฑุจุฉ ูู ุชุชูุฑุฑ,"1,0"
ูุง ุงูุฑุฑูุง,"1,0"
ูุง ุจุฃุณ ุจูุง,"5,0"
ุฌููุน ูุฑุงูู ุงูููุฏู ุฌูููู ูุงูุงุฎูู ููุธููู ุงูุงุณุชูุจุงู ุฌุฏุงู ุชุนุงูููู ุฑุงูู ุฎุตูุตุงู ุงูุฃุณุชุงุฐ ุงุญูุฏ ุงููู ูุนุทูุฉ ุงูุนุง,10
ุงูุงุซุงุซ ุฌููู ููุฑุชุจ ูุชุตููู ุงูููุฏู ุฑุงุฆุน ูุถูุงูุฉ ุงููููุฉ ูุงุณุชูุจุงู ุงูุงุณุชุงุฐ ุงุญูุฏ,10
ููุฏู ูุธูู ูููุจูู ููุงุฑูุฉ ุจุงูุณุนุฑ ุงููุฑุชูุน,"6,0"
ุดูุฑุงู,10
ููุฏู ุฌููู ูุฎุฏูุงุชุฉ ููุชุงุฒุฉ ุงูุตุญ ููู,10
ุชุฌุฑุจุฉ ุฑุงุฆุนู ููุฑูุฏุฉ,10
ุงููุธุงูุฉ ูุงููุฎุงูุฉ ูุดูุฑูุง ููุธููู ุงูุงุณุชูุจุงู ูุดูุฑุง ุงุณุชุงุฐ ุงุญูุฏ,10
ููุฏู ูุญุชุงุฌ ุงุนุงุฏุฉ ุชุฃููู,"1,0"
ุงูุถู ููุฏู ุจุงูุฑูุงุถ ูู ุฏูู ูุฌุงููุฉ ูู ูุงุญูุฉ ุงูุฎุตูุตูุฉ ูุงูุฑุงุญุฉ ุงูููุณูุฉ ู ุฅุฏุงุฑุฉ ุงูููุฏู ูุดูุฑูุง ููุฃุฎ ุงุญูุฏ,10
ุงูุณุนุฑ ุบุงูู ุฌุฏุง ููุงุจู ุงูุงูุงูู ุงูุบุฑู ุถููู ููุฐูู ุฏูุฑุฉ ุงูููุงู. ููุตุนุฏ ูุงุญุฏ  ููุงููุฌุฏ ุชุฌุงูุจ ุณุฑูุน,"5,0"
ุฌูุฏุฉ,10
ุงูุตุญ ุจู ููุฏ ูุงูุช ุฎุฏูุชูู ุฌุฏุง ููุชุงุฒุฉ ูุดูุฑูุง ููุฃุณุชุงุฐ ุงุญูุฏ ูุงูุตุฑ,10
ุชุฌุฑุจุฉ ุฑุงุฆุนุฉ ูุดูุฑูุง ูููุธููู ุงูุงุณุชูุจุงู ุฎุฏูููู ููุชุนุงูููู ูุดูุฑ ุฎุงุต ููุฃุณุชุงุฐ ุงุญูุฏ,10
ููุงู ุฌููู ุงูุตุญ ุจู,10
ุฒูุงุฑุฉ ูู ุชุชูุฑุฑ,"6,0"
ุณููู ุจุงูููุฏู ูููุงุณุจุฉ ููู,"6,0"
ุงุดูุฑ ุงูุงุณุชุงุฐ ุงุญูุฏ ุชุนุงููุฉ ูุน ุงูุนููุงุก ูุฑุฑุฑู ุญูููู ุงุดูุฑ ุงูุฌููุน,10
ุณูู ุงูุฑุฑ ุงูุฒูุงุฑู ุจุฏูู ุชุฑุฏุฏ๐ฅฐ๐๐ป,10
ุงูุงูุงูุฉ ุงููุฑูุญุฉ ูุงูุฌูููุฉ,10
ุดูุฑุง ุงุญูุฏ ุจุงูุงุณุชูุจุงู,10
ูู ุงูุถู ุฎูุงุฑุงุชู,10
ููุชุงุฒ ุฌุฏุง ูุงูุตุญูู ููุฉ ูุดูุฑุง ููุฃุณุชุงุฐ ุงุญูุฏ ุนูู ุชุนุงููุฉ ูุนูุง,10
ุดูุฑุง,10
ุดูุฑุง ููุฌููุน ูุงูุตุฑู ูุดูุฑุง ุงุณุชุงุฐ ุงุญูุฏ,10
ุดูุฑุงู ููุธููู ุงูุฅุณุชูุจุงู ูููุธู ุฏุฎูู ุงูููุงูู,10
ุณูุฆุฉ,"1,0"
ูู ุงุฌูู ุงูุงูููุงุช ูุงูููุงุฏู ุงูู ุณููุช ูููุง ูุงูุตุญ ุจุดุฏู ุจุฒูุงุฑุฉ ูุงุฐุง ุงูููุฏู,10
ุดูุฑุง ุงุญูุฏ ุจุงูุงุณุชูุจุงู ุชุนุงููู ูุนูู ุงูุถูุงูุฉ,10
ุงูุฑูุงุถ  ุงูุฒููู ุฌูุงู 0555122205,10
ูุนุงุฏ ุงุนูุฏูุง,"4,0"
ููุงู ุงูุซุฑ ูู ุฑุงุฆุน ูุงูุชุนุงูู ุฌุฏูุง ุฑุงูู ูู ููุธููู ุงูุงุณุชูุจุงู ูุฎุงุตุฉ ุงุญูุฏ ุจุงูุงุณุชูุจุงู,10
ุดูุฑุงู ุจุญุฌู ุงูุณูุงุก ูุฑุจู ูุจุงุฑู ููุฌููุน ูู ูุงูู ุงูู ููุธู,10
ุจูู ุตุฏู,"6,0"
ุดูุฑุง ูููุธููู ุงูุงุณุชูุจุงู ูุดูุฑ ุฎุงุต ููุฃุณุชุงุฐ ุงุญูุฏ,10
ููุงุณุจ ููุงุฆู  ุฌุฏุง ูุณูู ุงูุนุงุฆูุงุช,10
ููุฏู ุจุฑูุฑุง ูู ููุงู ุงูุงูุชู ุฏุงุฆูุง ุนูุฏูุง ุงุชูุงุฌุฏ ูู ูุฏููุฉ ุงูุฑูุงุถ โค๏ธ,10
ุจูุฑุฑ ุงูุฌูู,10
ูุงูุช ุงูุงูุฉ ุฌูููุฉ ูุงุดูุฑ ุฃ.ุงุญูุฏ ุนูู ุญุณู ุงูุถูุงูุฉ ูุงูุฃุณุชูุจุงู ุูุงุดูุฑุฃ.ุดุฑูู,10
ุงุณุชูุชุนุช ุจูู ุดู ุจุงูููุฏู,10
ุงูุถู ููุฏู ุฑุญุช ูู ูู ูุงุญูุฉ ูุธุงูู ุงูู ุชุนุงูู ููุธููู,10
ูู ุงุนูุฏ ุงูุฒูุงุฑู,"6,0"
ุงุฑุชุญุช ูููุง ุณูุก ูุธุงูู ุงูุบุฑูู ูุงูุงุณุฑู ูุธููู ูุงูุฏูุฑุงุช ุงูููุงู ุงููู ููุฑูู ุฌุฏุง  ูุธููู,10
ุชุฌุฑุจู ูุฎูุจู ููุงูุงู,"1,0"
ุชุฌุฑุจุฉ ุณูุฆุฉ ุฌุฏุง,"1,0"
ุงุฑุฌู ุงุณุชุฑุฌุงุน ูุงูู ุงููุจูุบ ุงูุฏู ููุช ุจุฏูุนู,"1,0"
ุงูุบุฑูุฉ ููุชุงุฒ ูุณุนุฑ ููุงุณุจ,10
ุฌุฏุง ุฌูููุฉ ูุงูุช ููุงูู ุฌูููู,10
ุญุทู ุงุฎุฑ ุงูุฎูุงุฑุงุช,"5,0"
ุงุญุจ ุงู ุงุนูุฏ ุงูุชุฌุฑุจู,10
ุชุณุชุญู ุงูุฒูุงุฑุฉ ูุฑู ุงุฎุฑู,10
ููุชุงุฒ ูุถูู ุฑุงุฆุญุฉ ููุนุดุฉ ูุฏูุก ูุฑุงุญุฉ,10
ูุงูุช ุฌูููู ุจุณ ุบูุฑ ูุฑูุญู ูู ูุงุญูู ุงูุงุตูุงุช ูู ุงูุงุณุงูุจ,"5,0"
ุงูุงูุฉ ุฌูููุฉ ุฌุฏุง,10
ููุฏู ุฌููู,10
ุงูููุงู ุฑุงุฆุน ูุงูููุธููู ุจุฏูู ุงุณุชุซูุงุก ุงุฌูู ูุงูู ุงูููุงู,10
ููุงูู ุงูููุถู,10
ุงูุงูู ููุชุงุฒู ูุงูุนุงุฏู,10
ุงุญูู ููู ุงูุฏ ูู ุงูุฑูุงุถ,10
ุงูุงู ูุฑุงุญุฉ ุชุงูู,10
ุดูุฑุงู ููุนุงูููู ูููุช ุงูุชุจุงู ููุงุฏุงุฑุฉ ุงููุญุชุฑููู,10
ุงูููุงู ูู ููุฉ ุงููุธุงูุฉ,10
ุงูููุงู ูู ููุฉ ุงูุฑุงุญุฉ,10
ุงูููุงู ูู ููุฉ ุงูุฑุงุญุฉ,10
ูุณุชุญู ุงูุงูุงูุฉ,10
ููุงู ุฃูุซุฑ ูู ุฑุงุฆุน,10
ูู ุงูุฑุฑ ุงูุชุฌุฑุจู,"6,0"
ููุชุนุฉ ููุบุงูุฉ,10
ุงูุซุฑ ูู ุฑุงุฆุน,10
ููุงู ุฑุงุฆุน,10
ุฌูููุฉ ุฌุฏุง,10
ุชุฌุฑุจุฉ ุณูุฆู,"1,0"
ุณูู ุงูุฑุฑ ุงูุงูุงูู ุจุณุจุจ ุชุนุงูู ุงูุงุฏุงุฑู ุงูุฑุงูู,10
ุฑุญูุฉ ุฌูููู ููุฑูุญู ..,10
ุงุชููู ููุชููู ุจุงูุงุซุงุซ ูุฃูู ูุฏูู ููุตุฎ,"1,0"
ุงูุตุญ ุจู ุจุดุฏุฉ,10
ููุฏู ุฌูููุ ูุณุชุญู ุงูุฒูุงุฑุฉ,10
ุชูููุช ุงู ุชููู ุฃุฌูู,"5,0"
ุนููููู ุงูุฏุงุฆู,10
ุงูุงุณุชูุจุงู ููุชุงุฒ ูุงููุธุงูู ูุงูุฑูุงุฆุญ ุดูุฑุง ุงุฏุงุฑู ูุญุชุฑูู ุฌุฏุง,10
ูุงูู ุดู,10
ุงูุฎุฏูู ููุงุจู ุงูุณุนุฑ,10
ุชุฌุฑุจุฉ ุณูุฆุฉ,"1,0"
ุงูุบุฑูุฉ ุชุฌูุจ ุงููุขุจุฉ,"3,0"
ุงุฌูู ููุงู ูุชุนุงูู ๐น๐น,10
ูุง ุจุฃุณ,"6,0"
ุชุฌุฑุจุฉ ุฃููู ูุน ุจุฑูุฑุง ูุฑุทุจุฉ .. ุฃุชููู ุฃู ุฃุฑุงู ูุณุชูุจูุง ูู ุญุงู ุฃูุถู .,"6,0"
ุงูููุฏู ุฌูุฏ ุงูุบุฑู ูู ุงูุทุงุจู ุงูุงุฑุถู ุชุญุชุงุฌ ุงูุชูุงู ุงูุจุฑ,"5,0"
ููุฏู ูุงุฎุฑ,10
ุงุดูุฑ ุงูุฃุฎ ุนุจุฏุงูุนุฒูุฒ ุจุงูุงุณุชูุจุงู ุนูู ุชุนุงููู ุงูุฑุงูู,10
ุซูุงุซ ุงูุงู ุงูุงูุฉ ุฑุงุฆุนู,10
ููุงู ุฑุงุฆุน ุฌุฏุงู,10
ุงุณุชุซูุงุฆูู ูู ูู ุฒูุงุฑู,10
ูุงูุช ุฅูุงูุฉ ูุฑูุญุฉ ูุฌูููุฉ ูุจุฎุฏูุฉ ุนุงููุฉ ูุจุชููุฑ ุฌููุน ุงูุฅุญุชูุงุฌุงุช ุงูุดุฎุตูุฉ,10
ุงูููุงู ุฌูุฏ ููุงูู ุงูุทุจุฎ ูุงู ุณูู ูุบุงูู,"5,0"
ุฎูุงุฑูุง ุงูุงูู ุจุฏูู ููุงุฒุน ุจุฑูุฑุง,10
ููุดูุฑ ุงูุงุฎ ุงุณุงูุฉ ูู ุงูุงุณุชูุจุงู ุจุญุณู ุงูุชุนุงูู,10
ููุฏู ุฑุงุฆุน ุดูุฑุง ุจุฑูุฑุง,10
ุงููุฏูุฑ ุงุณุงูู ุนุณู ุฌุฏุง๐,10
ุงูุงูู ูุงุฎุฑ๐ค ุดูุฑุงู ููุงุฏุงุฑุฉ ููุฏู ุจุฑูุฑุง ุดูุงุฏุชู ูุฌุฑูุญู ูู ููุฏู ุจุฑูุฑุง๐ค ุนูู ุฌููุน ุงูุชูุงุตูู ุงูุฌูููู๐ค ูุฎุงูุฉ+ ุฑุงุญู+ ูุฏูุก +ูุธุงูู ุด,10
ุดูุฑุง ุจุฑูุฑุง ุนูู ุงูููุงู ุงูููุชุงุฒ ูุงูุฎุฏูู ุงูุนุงููู,10
ุงูู ุดูุฑ,10
ููุฏู ููุชุงุฒ,10
ุงุณูุฃ ููุฏู,"1,0"
ููุงู ูุณุชุญู ุงูุชุฌุฑุจู,10
ุงุณุชูุชุน ุจูุงูู ูููู ุจููุฏู ุจุฑูุฑุง,10
ููุงู ุฌุฏุง ุฌููู ููุฑูุฎ,10
ุงูุงูู ุฌูููู ุงูุญูุฏููู ูุชุนุงูู ุฑุงูู ูู ุงูููุธููู ููุงููุช ุงูุงูุฉ ุงูุงุญุชูุงู ุจููู ุงูุชุฃุณูุณ ูุงู ุงุญุชูุงู ุฌููู ุจุงูููุฏู ูุชู ุชูุฒูุน ุงูุฏุงุกุง,10
ุดูุฑุงู ููู,10
ููุงู ุฑุงุฆุน ูุทุงูู ููุชุจ ุงูุฏุฎูู ูุชููุฒ ูุงูุดูุฑ  ููุงุฎุช ููุงู,10
ุงูุบุฑู ุถููู ูุงูุงุณุนุงุฑ ูุจุงูุบ ูููุง ูุงูุทุงูู ุณุฆ ุงูุงุฎูุงู,"1,0"
ุญุณู ุงูุญูุงูุฉ ูุงูุงุณุชูุจุงู ูุฎุตูุตุง ุงูุณูุฏ ุฃุณุงูุฉ ุนุถูู ููุนู ุงูุงุฎูุงู,10
ูู ุดูุฆ ุฌููู,10
ุฌูููุฉ,10
ุงูุตุญ ููู ูููุฏูู ุงูููุถู,10
ุงููุฎุงูุฉ ูุงูุฃูุงูุฉ,10
ููุฏู ุฌูุฏ ุ ุทุนุงู ุฌูุฏ ุ ุบุฑูุฉ ูุธููุฉ. ููุฏ ุฃู ูุนูุฏ.,10
ุฃูุตุญ ุจุงูููุฏู ูุจุดุฏุฉ,10
ุดูุงุฏุชู ูุฌุฑูุญู ูู ููุฏู ุจุฑูุฑุง๐ค ุดูุฑุง ุงุฏุงุฑุฉ ููุฏู ุจุฑูุฑุง  ุนูู ุฌููุน ุงูุชูุงุตูู ุงูุฌูููู๐ค ูุฎุงูุฉ+ ุฑุงุญู+ ูุฏูุก +ูุธุงูู ุดูุฑุงู ููุงุณุชุงุฐ,10
ุดูุงุฏุชู ูุฌุฑูุญู ูู ููุฏู ุจุฑูุฑุง๐ค ุดูุฑุง ุงุฏุงุฑุฉ ููุฏู ุจุฑูุฑุง  ุนูู ุฌููุน ุงูุชูุงุตูู ุงูุฌูููู๐ค ูุฎุงูุฉ+ ุฑุงุญู+ ูุฏูุก +ูุธุงูู ุดูุฑุงู ููุงุณุชุงุฐ,10
ุงุญูุง ูููุฉ ููุชูุง ุจุตุฑุงุญู,10
ููุงู ูุงุฏุฆ ููุธูู ููุงุณุชูุชุงุน,10
ุดูุฑุง ููู,10
ููุชุงุฒุฉ ุ ุณุฃูุฑุฑ ุงูุงูุงูุฉ ูุณุชูุจูุง ุงู ุดุงุกุงููู,10
ุจูุฐุง ุงูุณุนุฑ ูู ุฃูุฑุฑ ุงูุฒูุงุฑู ููู ูู ุชู ุฎุตู ูุงููุจูุบ,"6,0"
ุงูุนูุฏุฉ ููู ูู ุงููุฑูุจ ุงูุนุงุฌู,10
ูุฏูุก ู ุงุณุชุฑุฎุงุก ๐๐พ,10
ุงูููุธููู ุงูุณุนูุฏููู ูุงูุฃุฌุงูุจ ูุญุชุฑููู ูุฑุงููู ูู ุชุนุงูููู ูุน ูุฒูุงุก ุงูููุฏู ุ ููููุน ุงูููุฏู ุฑุงุฆุน ุ ูุฌููุน ุงูุฎุฏูุงุช ูุชููุฑุฉ ูู ููุณ,10
ุฑูุนุฉ ูุฅูุงูุฉ ูููุฒุฉ,10
ูุฃู ุฃูุฑุฑ ูุฐู ุงูููุงู,"2,0"
ููุงู ููุชุงุฒ ูุงูููุชูู,10
ุดูุฑูุง ููู,10
ูู ุงุณูุก ุงูููุงุฏู ุงูู ุงุณุชุฃุฌุฑุชูุง ูู ุญูุงุชู,"1,0"
ุฌูุฏ,"6,0"
ููุฏู ุจุฑูุฑุง ุงูุฎูุงุฑ ุงูุฃูู ุจุงููุณุจุฉ ูู,10
ูุฆูุจู,"3,0"
ูู ุงูุดูุฑ ูุงูุชูุฏูุฑ ููุฑูู ุงูุนูู ููุง ูุชูุชุน ุจู ูู ููููุฉ ูุงุญุชุฑุงููู ุจุชูุฏูู ุงูุฎุฏูุฉ ุจูุง ูููู ุงูุชููุนุงุช ุดูุฑุง ู,10
ููุชุนู,10
ุงุฌูู ุงูุงูู ูู ุงูุฑูุงุถ,10
ููุฏู ุฌููู ู ูุงุฏู ู ุดุฑุญ .. ู ุญู ูุฑุทุจุฉ ูุชููุฑ ููู ุฌููุน ุงูุฎุฏูุงุช ุงููุทููุจุฉ,10
ูุงูุช ุงูุงูู ุฌูููุฉ ูู ููุฏู ุฌููู,"6,0"
ูุณุชุญู ุฒูุงุฑุฉ ุฃุฎุฑู,10
ููุชุนู ูุชุฌุฑุจู ุงุฑุบุจ ุจุชูุฑุงุฑูุง,10
ุงุฌูู ููุงู ููููุฒู ุงุฏุงุฑุชู ุงููุงุฌุญู,10
ุฌูููู ููุฑูุญู ููุงุฏุฆู,10
ููุงู ูููุฒ,10
ููุงู ูููุฒ ููุงูุงูู,10
ูุฎุชูู ุนู ูุฑุน ุจุฑูุฑุง ูู ุงูุนููุง ูุฑู ูุงุถุญ ูู ุงููุฎุงูู ูุง ุงูุตุญ ุจุงูุฒูุงุฑู ุงูุง ูู ุชุจู ููุฏู ูุฑูุจ ูู ุงููุทุงุฑ,"5,0"
ุงูุงูุฉ ุฌูุฏุฉ ููุนูุง ูุง ุ ููู ูุฌุจ ุงููุญุงูุธุฉ ุนูู ุณูุนุฉ ุจุฑูุฑุง ูู ุณูุก ุฎุฏูุฉ ุงูููุธููู,"5,0"
ูู ุงุฑูุน ุงูููุงูู,10
ุงุดูุฑ ูุฏูุฑ ุงูุบุฑู ุงูุงุณุชุงุฐ ุงุณุงูู ู ูุงุฑุณ,10
ุฌููู ููุนูุงุฆู ูุจุฑุญูุงุช ุงูุนูู ุทุงูู ุนูู ูุชููุฒ,10
ุฌูููุฉ,10
ุฌููู ูุจุงูุบ ูู ุณุนุฑู,10
ุงูุงูุฉ ุฑุงุฆุนุฉ ูุจุฃุฐู ุงููู ุณูู ุงูุฑุฑ ุงูุฒูุงุฑู,10
ุฎูุงุฑู ุงูุงูู ูุงูุงุฎูุฑ ุฏุงุฆูุงู ุจุฑูุฑุง ๐,10
ุชุฌุฑุจุฉ ูุฑูุฏุฉ,10
ุงูุงูู ูุงุฎุฑ๐ค ุดูุฑุงู ููุงุฏุงุฑุฉ ููุฏู ุจุฑูุฑุง ุดูุฑุงู ููุงุณุชุงุฐ/ุฃุณุงูู ุนู ูุจุงูุชู ูููุงูู ุงูุทูุจ๐ค,10
ูู ุชูู ุฌูุฏู,"4,0"
ูุฏูุก,10
ููุงู ููุชุงุฒ ููุงูุงูู,10
ุงูุงูุฉ ุฌูููุฉ ุฌุฏุงู,10
ุชุฌุฑุจู ูููุณูุงู .,"1,0"
ุฑุงุฆุน ุงูุฑุฑ ุงูุฒูุงุฑุฉ,10
ุนุฏู ุงูุฑุงุญู,"5,0"
ุฌูููู ูููุชุนู,10
ูุงูุช ุฌูุฏุฉ ููุบุงูู,"6,0"
ุงูููุงุฏู ูุซูุฑู ูุงูููุช ุนูู ูุฐู ุงูููุฏู,"1,0"
ุดูุฑุง ุงุฏุงุฑุฉ ููุฏู ุจุฑูุฑุง. ุดูุฑุง ููุธููู ุงูุงุณุชูุจุงู. ุดูุฑุง ูุฌููุน ุงูุนุงูููู ูู ููุฏู ุจุฑูุฑุง๐ค๐ค,10
ููุชุนู,10
ุงุดูุฑ ุงูุงุณุชุงุฐ ุงุณุงูู ุนูู ุญุณู ุงููุนุงููู ูุงูุชุฑุญูุจ,10
ุชุฌุฑุจุฉ ูุง ุชูู ูู ุชูุฑุงุฑูุง,10
ุงูููุงู ุฌููู ุดูุฑุง ุงุณุชุงุฐ ุงุณุงูู ูุฏูุฑ ุงูุบุฑู,10
ูู ุฃุณูุก ุงูุชุฌุงุฑุจ ุนูู ุงูุฅุทูุงู,"1,0"
ุงูุญูุฏููู ูุฐู ูุงูุงูุช ุงูุฅูุงูุฉ ุงูุฃููู ุณุจู ูุฌูุช ูู ูุฑู ..ููู ุฌุฏ ุฃุดูุฑ ุงูููุธููู ุฌููุนูุง ุนูู ุงูุชุฑุญูุจ ุงูุฏุงุฆู ูู ูุงุฃุฌูุก..ูุจุงูุฃุฎุต ุง,10
ููุงู ูุงุฏู ููุฑูุญ ููุธุงูุฉ ุงูููุงู ููุชุงุฒุฉ,10
ูุฐูู ููุธูููู,10
ูุงุฏุฆ ููุฑูุญ,10
ุฃููููุตู ููู ูุจุดุดุดุดุฏุฉ,10
ุบูุฑ ูุฑูุญู,"5,0"
ูุณุชุญู ุงูุฒูุงุฑุฉ,10
ุงูุงูุฉ ุงุณุชุซูุงุฆูุฉ ูู ุงูุดูุฑ ูุฅุณุงูุฉ ูุทุงููู ุนูู ุงูุฌููุฏ ุงูุฑุงุฆุนุฉ,10
ูุงูู ููู ูู ุงููุฎุงูู,10
ุงูุงูู ูู ุชุชูุฑุฑ,"1,0"
ููุงุฏู ุจุฑูุฑุง ูุชููุฒูู ูู ุฌููุน ุงูุญุงุก ุงูููููุฉ,"6,0"
ุงุชููู ุงู ุงุนูุฏ ุงูุฒูุงุฑุฉ ุงูุซุฑ ูู ูุฑู,10
ุงูุตุญ ูู ูุฐุง ุงูููุฏู,10
ุงุฎุฑ ูุฑู ุฃุณูู ููู,"3,0"
ูุฑูุจ ูู ุงููุทุงุฑุ ูุธูู ููู ุงูุณุนุฑ ุบุงูู ุฌุฏุง,"6,0"
ุฌููู ููุฌุจ ุนูููู ุชูููุฑ ุงููุงุฏ ุฎุตู ุจุงูุชุทุจูู ุงูุฎุงุต ุจูู,10
ุงูุฏ ุดูุฑ ููุถู ุงูุงุณุชูุจุงู ุฎุงูุฏ ุงููุญุทุงูู ุนูู ุงูุชูุงูู,10
ุจูุงุก ุนูู ุงูุณุนุฑ ุงูุฐู ุชู ุฏูุนูุ ูู ุงุชููุน ุงูููุฏู ุจูุฐุง ุงูุดูู,"4,0"
ุงุฎุฐุช ุงูุบุฑูุฉ ู ุชูุงุฌุงุช ุจุฏูู ุตุงุจูู ูุฏ ููุง ุดุจุดุจ ุงูุญูุงูโฆ ุชููุนุช ูุณูุง ูุญุทูููุง ููู ููุงุณู ูุงู ูู ุงูุนุงูู ูุงูุดู ุน ูู ุงูุบุฑู,"3,0"
ุณูุฆุฉ ุจูุนูู ุงููููู,"1,0"
ุฅูุงูุฉ ุณูุฆุฉ ููู ุชุชูุฑุฑ.,"6,0"
ูู ุชุชูุฑุฑ ูู ูุฐุง ุงูููุฏู ุฎุงุตุฉ ูุจุฑูุฑุง ุนุงูุฉ,"1,0"
ุดูุฑุงู ูุฌููุน ุงูุนุงูููู,10
ุฅูุงูุฉ ูุฑูุญุฉ ูุง ุชูุณู,10
ุงูุตุญ ุจูู ุงููุงุฏููู ููุฑูุงุถ .. ูุณูููู ููุฏู ุจุฑูุฑุง ูุฑุทุจู ูุนูุง ุฌููู ูุฑุงูู ููุณุชุงูู ุงููุงุณ ุงูุฑุงููู ..ุงุญุจ ุงุดูุฑ ูู ุงูุนุงูููู  ุณูุงุก ู,10
ุงุดูุฑ ุงูุงุฎุช ุฑููุง ูุฏูุฑุฉ ุนูุงูุงุช ุงููุฒูุงุก ุนูู ุงุฎูุงููุง ุงูุนุงููู ูุญุณู ุชุนุงูููุง ูุน ุงููุฒูุงุก ูุงูุชูุงููุง ุจุงููุฒูู,10
ุณุนุฑ ููุณ ููุงุจู ุงููููู,"6,0"
ุงุชููุง ุชุนูุฏูู ุงููุธุฑ ูู ุงูุฎุฏูู,"3,0"
ูุงูุช ุงูุงูุฉ ุฌูููู ููุงู ูุฏูุฑ ุงูููุฏู ุงูุงุณุชุงุฐุง ุดุฑูู ููุฉ ูู ุงูุงุฎูุงู ูุงูุชุนุงูู ุจุญุฑููู,10
ุงุฑุฏูุง ุงูุชุบููุฑ ููุงู ุฌููููุง,10
ุงุชููู ุชูููู ุจุฑูุฑุง ูุฑุทุจู ุฒูุงู ููุช ุงุฏูุน ูููุณ ุนุดุงู ุงุชูุชุน ุงูุงู ุงููุฑ ุงุจุญุซ ุนู ููุฏู ุงุฎุฑ,"6,0"
ูู ุงุนูุฏ ูุฐู ุงูุชุฌุฑุจู ุงูุณูุฆู ุฌุฏุง,"1,0"
ุฌูุฏุฉ ุฌุฏุง,"6,0"
ุงูุตุญ ุจู ูุจุดุฏุฉ ุฑุงุฆุน ุจูุนูู ุงููููุฉ โฅ๏ธโฅ๏ธ,10
ูู ุงูููุงุฏู ุงูููุถูุฉ ูุฏู โฅ๏ธโฅ๏ธ,10
ูุฌููุฏ ุชุดูุฑูู ุนููู,10
ูููุฒุฉ ูุชุณุชุญู ุงูุฃุนุงุฏุฉ๐๐ป,10
ููุฏู ูููุช ุงูููู ูุง ููุฌุฏ ุงู ูุชุนุฉ ุฏุงุฎููุฉ,"5,0"
ุณูุก ุฌุฏุงู,"2,0"
ุณุนุฑ ูุง ูุชูุงุณุจ ูุน ุงูููุงู ุจูู ุงูุงูู ูุชุนุงูู ุบูุฑ ุงุญุชุฑุงูู ูุดูุฑุง,"3,0"
ูู ุดู ุณูุก ูุบูุฑ ูุฑุถู,"2,0"
ุงุดูุฑ ุงูุงุฎุช ุฑููู ุนูู ุงููุฌููุฏ ูุงูุงูุชูุงู ููุฑู ุงูุถูุงูู ๐,10
ุงูุงูุฉ ุณูุฆุฉ ๐,"3,0"
ุงูููุฏู ุฌููู ูููู ุงูุชุนุงูู ูู ุงูุงุณุชูุจุงู ุบูุฑ ุฌูุฏ ุจุงูุงุถุงูู ูุฒูุงุฏู ุงูุณุนุฑ ุนูุฏูุง ูุฏุฏุช ุงูุงูุงูู,"4,0"
ุงูุตุญ ุงูุฌููุน ุจุฒูุงุฑุชู ููุงู ุฌุฏุงู ุฌููู ู ูุงุฏุฆ ูุจุนูุฏ ุนู ุฒุญูู ุงููุฏููู,10
ุงููููุน ุงูุฌููู,10
ูุชูุณุท,"5,0"
ุงูุงูุฉ ุฌูููุฉ ุ ูุงุฏุฑ ูุธููู ุณูุก,10
ููุฃูุงูุฉ ุงูุฅูุงูุฉ ูุงูุช ุฑุงุฆุนุฉ ุจูุนูู ุงููููุฉ ููุฏูุฑุฉ ุนูุงูุงุช ุงููุฒูุงุก ุฑููุง ูุชุนุงููุฉ ุฌุฏุงู ูุฎุฏููุฉ ู ุจุฎุช ุงููุฒูุงุก ูููุง,10
ูู ุงุณูุก ุงูููุงุฏู ุงูู ุณููุช ูููุง,"3,0"
ุงูุณุนุฑ ุบุงูู ุงุณูู ุจุงูููุงุฏู ุงูุซุงููู,"4,0"
ูุง ุงููุฑ ุงุญุฌุฒ ููู ูุฑู ุซุงููู,"1,0"
ุฌููู ุฌุฏุงู ููุธูู ุฌุฏุงู ุฌุฏุงู,10
ุงุดูุฑ ูููุง ููุธููู ุงูุงุณุชูุจุงู ุงููู ูุงูุตุฑู ูุนูุง,10
ุงูุตุญูู ูุงุชุฑูุญูู ุบุงูู ูุงูููุธููู ุงุณููุจูู ุณู ุฌุฏุง ูุญุณุณู ุฏุงุฎู ุจูุชู,"1,0"
ุฌูุฏ ููู ูุงูุฑุชูู ููุชุทูุนุงุช ูุซูุฑ,"5,0"
ุงูุณุนุฑ ููุงุณุจ ูููุงู ุงูุงูุงูุฉ,"6,0"
ูุง ุงุชููุน ุฃูุฑุฑ ุงูุชุฌุฑุจุฉ,"5,0"
ูู ูุนุฌุจูู ุงูุงูู ูุงุดูู,"1,0"
ุฌูููุฉ ุฌุฏุง,10
ููุจููู,"3,0"
ุดูุฑุงู ูุฌููุน ุงูููุธููู,10
ุงุชููู ููู ุงูุชูููู ูุงุดูุฑ ุงูุงุฎุช ููุงู ููููุง ุงููู ูุจุงูู ุงูููุธููู,10
ูู ุฃูุฑุฑ ุงูุณูู ูุฏููู,"1,0"
ุงูููุธู ุฎุงูุฏ ุงููุญุทุงูู ุดูุฑุงู ูู ุชุนุงูู ุฑุงูู ุฌุฏุงู,10
ุงูุงูุฉ ุฑุงุฆุนุฉ,10
ููุงูุฐ ูููู ูุชูููู ูุงูุฃุทูุงูู,"6,0"
ุชุฌุฑุจู ูู ุชูุฑุฑ,"5,0"
ูุงูุช ุชุฌุฑุจุฉ ุบูุฑ ูุฑุถูุฉ ููู ุชุชูุฑุฑ,"1,0"
ูู ุงูุชุฌุงุฑุจ ุงูุบูุฑ ูุญุจุจุฉ. ูู ุชุชูุฑุฑ,"4,0"
ุณูุฆุฉ ูุบูุฑ ูุฑูุญุฉ,"1,0"
ุงูุญูุฏููู ูููุฑู ุงูุซุงูุซุฉ ุฃููู ุจุงูููุฏู ูุฃุดูุฑ ุฌููุน ุงูููุธููู ูุงูููุธูุงุช ุนูู ุฑูุญูู ุงูุญููู ูุฑูู ุชุนุงูููู ูุนุงู ูุงูุชูุงููู ุชุญูุงุชู โฅ๏ธ,10
ููุงูู ุงูููุธู,10
ูู ุงูุฑุฑ ุงูุฒูุงุฑุฉ ุจุณุจุจ ุทุฑููุฉ ุงูุงุณุชูุจุงู ูุงูุฎุฑูุฌ,"5,0"
ุณุนุงุฏุฉ,10
ุงูุตุญ ุจุฒูุงุฑุฉ ุงูููุฏู,10
ุฅูุงูุฉ ุทูุจุฉ,10
ููุชุงุฒ ุฌุฏุง  ููุณุช ุงููุฑุฉ ุงูุงููู ููู ุชููู ุงูุงุฎูุฑุฉ,10
ุดูุฑุง ุจููููู ุดูุฑุง ุจุฑูุฑุง ูุฑุทุจุฉ ุดูุฑุง ูุทุงูู ุงูููุฏู ูุงููุง ุฏูู ุงุณุชุซูุงุก,10
ุงูููุฏู ูุงูุนุงูููู ุนููู ูุดุนุฑููู ุจุงูู ูู ููุฒูู ุงูุซุงูู ๐น,10
ุดูุฑูุง ุจุฑูุฑุง,"5,0"
ุทุงูู ุงูุนูู ุฌุนู ุงูุงูุงูุฉ ุงูุถู,10
ูููุณู,"6,0"
ุฌุฌุฌูููู ุฌุฏุงู,10
ุงุดูุฑ ุงูููุธูู ุฑููุง ูุนูุงูุชูุง ุญุฑุตูุง ุงูุดุฏูุฏ ุนูู ุฑุงุญู ูุฒูุงุก ุงูููุฏู,10
ุดูุฑุง ููู ููุฑุตู ุณุนูุฏู ๐ฅน,"1,0"
ุณูุฆุฉ ููุฃุณู,"2,0"
ุงุดูุฑ ุงูููุธููู,"6,0"
ูุงุจุฃุณ ุจู,"6,0"
ุฒูุงุฑุฉ,10
ุชุนุงูู ุฑุงูู ุฌุฏุงู ูู ูุจู ุงูุงูุณู ุฑููุง,10
ุงุดูุฑ ุงูุงุฏุงุฑู ูุงููุงุฆููู ุนูู ุงุฎุชูุงุฑ ุงูููุธููู ุฑุบู ุชููุฒ ุงููู ุจุฃูุงูู ุงููุถู ููู ุซู ุจุฌููุฏ ุงููุงุฆูููู ุชุดุนุฑ ุจุดู ูู ุงููุฏูุก ูุฑุงุญุฉ ุงู,10
ุงููู ูุงูุนูุฏูุง,"1,0"
ุงุฎุฐุชูุง ููุฑุจูุง ูู ุงููุทุงุฑ,"5,0"
ููุชุนู,"5,0"
ููุฏู ุงููููููโฅ๏ธ.,10
ููุชุงุฒุฉ,10
ููุงูู ุงูููุธู,10
ุนูุฏ ุทูุจ ุงู ุฎุฏูู ููุบุฑูู ููู ุชุฃุฎูุฑ,10
ุนุฏู ุงูุฑุงุญู ุชุฌุฑุจู ูู ุชุชูุฑุฑ,"3,0"
ุดูุฑุงู ุทุงูู ุงูุงุณุชูุจุงู ุชุนุงูู ุฑุงูู ุฌุฏุงู โฅ๏ธโฅ๏ธ,10
ุงูุงูู ุฌูููู ูููุฏู ุงุนุทูู ุชูููู 10,10
ุงูุตุญ ุจู ููุงุฑูุฉ ุจุงูุฎุฏูุงุช ุงูุชู ุชูุฏู ูุณุงูู ุงูููุฏู.,10
ุณูุณูุฉ ุจูุฏู ูู ุงูุถู ุณูุงุณู ุงูููุงุฏู ุงููุญููุฉ ุฐุงุช ุงูุทุงุจุน ุงููุฑูุฏ ูู ุญูุซ ุงูุงูุชูุงู ูุงููุธุงูุฉ ูุงูุณุนุฑ ูุงูุถูุงูุฉ,10
ุฅูุงูุฉ ุฌูุฏุฉ,"6,0"
ุงุชุญูุธ,"3,0"
ุฎุงุจ ุชููุนุงุชู,"4,0"
ุงุจุฏุงุน,10
ุงุชููู ุงุนุงุฏุฉ ุงููุธุฑ ูู ุฎุฏูุงุช ูุฌูุฏุฉ ููุฏู ุจุฑูุฑุง ูุฑุทุจุฉ ูุงูู ูุง ููุงุฑู ุงุจุฏูุง ุจูุฑุน ุงููุฑููู,"3,0"
ุฌูุฏ ุจุณ ูุง ุงุนูุฏ ุงูุณูู ููู ุจุณ ุงูุงุฒุนุงุฌ ูู ููุฑุงุช,"6,0"
ุฌูุฏุฉ,"5,0"
ุงูุงูุฉ ููุชุงุฒู ุดูุฑุงู ุจุฑูุฑุง ูุฑุทุจู,10
ูุงูุช ุงูุงูู ุฌูููู ูุณุฃุนูุฏ ูุฑูุจุง ุจุงุฐู ุงููู ุงุดูุฑ ุงูุทุงูู ุฌููุนุงู ูู ุงูุงุณุชูุจุงู ููุฐูู ุงูุฎุฏูู,10
ุงูููุงู ุฌูุฏ ุฌุฏุงู ููุงูู ุงูููุธููู ุณูุฆูู,"1,0"
ุถููุฉ ุตุฏุฑ,"4,0"
ุงูู ุฒูุงุฑู ูู ูู ูุฐุง ุงูููุฏู ููุงูุช 3 ูู 10,"3,0"
ูู ุชุชูุฑุฑ,"1,0"
ูุฑุฌู ุงูุงูุชูุงู ุจุฑุงุญุฉ ุงูุถููู,"5,0"
ูููุฒ,10
ูุงูุช ุฑุญูุฉ ุงุณุชุฌูุงู ูุงุฎุชูุงุฑ ุงูููุงู ุงูููุงุณุจ ููุนุงุฆูู ูุงูุงุทูุงู ๐๐๐๐,10
ุชุฌุฑุจุฉ ูููุฒุฉ ูุฑุงุฆุนุฉุ ููู ุชููู ุงูุงุฎูุฑุฉ ุงู ุดุงุก ุงููู,10
ุงูู ุงูุญุณู ุงู ุดุงุก ุงููู,10
ุงูุนุงุฒู ุณูุก ุฌุฏุงู ูุชุณูุน ุญุชู ุชููุฒููู ูููุงู ุงูุฒุจุงุฆู ูููุงู ุงูุนูุงู ุงูู ููุธููู ุงุฒุนุงุฌ ูุนูุงู,"6,0"
ููุฏู ููุฑุงุญู,10
ุงูุตุญ ููู ูุจุฏูู ุชุฑุฏุฏ,10
ุงูููุธูุฉ ุฑููุง ุชุนุงูููุง ุฑุงูู ุฌุฏุงู ูุงูุตุญ ุงูุฌููุน ุจุชุนุงูู ูุนูุง,10
ุงุดูุฑ ุงูููุธูู ุฑููุง ูุชุนุงูููุง ุงูุฑุงูู ูุงุณุชุฌุงุจุชูุง ุงูุณุฑูุนู,10
ุนุงุฏูู,"1,0"
ุดูุฑุง ุจุฑูุฑุง,10
ุณูุฆู ูุงุจุนุฏ ุญุฏ,"3,0"
ูุฑูุจ ูู ุงููุทุงุฑ ููุทุงุนู ูููุน ูููุฒ,10
ูุง ุชุณุงููู ุงููููุฉ ุงูุชู ุฏูุนุชูุง,"6,0"
ุงุฎุฑ ุฐูุฑู,"4,0"
ุฌูุฏ,"6,0"
ููุฏู ูุชููุฒ ูุงูุนุงุฏุฉ ููุณุชุญู 5 ูุฌูู๐๐๐๐๐,10
ุฅูุงูุฉ ุฑุงุฆุนุฉ ูู ููุฏู ูุชููุฒ ุชุณุนู ุฅุฏุงุฑุชู ุฏููุงู ููุชุทููุฑ ูููุงูุจุฉ ุงูุฃูุถู,10
ูู ุชุชูุฑุฑ ุงูุฒูุงุฑุฉ,"3,0"
ูุงูุช ููุชุนู,10
ุงูุญุฑุต ุนูู ุฑุงุญุฉ ุงููุฒูู,10
ุจูุฑุฑ ุงูุฒูุงุฑู ุจุฅุฐู ุงููู๐ซ,10
ุดูุฑุง ููุฌููุน ุงูููุธููู ุงูุณุนูุฏููู ุจุงูุฐุงุช ุงูููุธูุฉ ุงููุชุนุงููู ุฑููุง,10
ูุงุงุงุชููุน ุงูู ุจูุฑุฑ ุงูุฒูุงุฑู,"6,0"
ุงุดูุฑุง ุงูุงุณุชุงุฐูุง ุฑููุง ูุฏูุฑุฉ ุงูุนูุงูุงุช ุนูู ุงูุญุฑุต ุนูู ุฑุงุญุช ุงูุนููู,10
ุงูุนุงูููู ูู ุงูููุฏู ูุจุงูุฐุงุช ุงูุงุฎุช ุฑููุง ูุฏูุฑุฉ ุนูุงูุงุช ุงููุฒูุงุก ..,10
ูุงูุช ุงูุงูุฉ ุฑุงุฆุนุฉ ุฌุฏุงุงุงุง,10
ูุนูู ุงูุฑุงุญุฉ ุงูุญูููุฉ .,10
ููุถููู ุงูุงุณุชูุจุงู ููู ูู ุงูุดูุฑ ูุงุจุชุณุงูุชูู ููุจุงุบุฉ ููุงููู ุงุดูุฑูู ูู ูู ููุจู,10
ููู ุดูุฑุงู,"6,0"
ุฎุฏูุงุช ุณูุฆุฉ ููุงุจู ุณุนุฑ ุนุงูู.,"1,0"
ุฌููู,10
ูุฑุฑุช ุงูุชูุฏูุฏ ุจุณุจุจ ุงูุฑุงุญุฉ ูู ุงูููุงู,10
ุดูุฑุง ููู,10
ูุง ูุณุชุญู ุงููุนุงูุฏุฉ,"5,0"
ุบูุฑ ูุฑุถูู,"6,0"
ุงูุตุญ ููู,10
ุงูููุฏู ููุงู ุงูุฑุงุญุฉ ู ุงููุฏูุก ูุงุฐุง ููุฏุช ูุฐู ุงูููุฒู ูุนูุจุฑ ููุณ ููุฏู,"3,0"
ุงุดูุฑูู ุดูุฑุง ุฌุฒููุง ูุจูููู ููุงู ุงูุงูุชู ุงูุซุงุจุช ููู ุฒูุงุฑู ูู ุจุงูุฑูุงุถ,10
ุงูุงูู ููููู ูููู ุงูุญูุฏ,10
ุงูุงูุฉ ุฌูููุฉ,10
ููุฏู ุฑุงุฆุน ูุฐูู ููุงุฏู ูุฌููู ูุงูู ุดู ูุธูู ุฌุฏุง,10
ูู ุงุนูุฏ ุงููุฑู ูุฑู ุงุฎุฑู,"6,0"
ุงุชููู ุงู ุชููู ุงูุงุณุนุงุฑ ุงูู,"5,0"
ูุง ุงูุตุญ ููู,"1,0"
ุฌูุฏู ููุงู ุงูุฑุฑูุง .,"6,0"
ุงููุงูู ุฌูููู ู ููุชุงุฒู ูุดูุฑุง ููู ุจุฑูุฑุง ูุฑุทุจู๐,10
ูู ุงุนูุฏูุง,"4,0"
ุงูุงูุชู ูู ููุฏู ุจุฑูุฑุง,"6,0"
ุงูุงูุชู ูุงูุช ูุงุฎุฑู ูู ุงูุฐูู ุงูุฑููุน,10
ููุงู ูุฑุชุจ ููุธูู ูุชุนุงูู ุงูููุธููู ูู ุงุฑูุน ูุงูููู,10
ุงูุตูุช ุญููุฉ,"4,0"
ูุงูุช ุงูุงูุฉ ุฑุงุฆุนู  ููุงูู ููุถูู ุงูุงุณุชูุจุงู ุซููููู ุฌุฏุงู ุจุงูุชุฌุงูุจ ูุน ุทูุจุงุช ุงูุบุฑูู ุชุฎูู ุดุทุงู ุงูุญูุงู ูุฎุฑุฎุฑ ูุงุก ูุงูุญูุงู ูููุงู ุงุช,10
ุงูููุฏู ุบูุฑ ูุธูู ู ุงููุนุงููู ุณูุก,"1,0"
ุณุญุจ ููู 195 ุจุนุฏ ุงูุฎุฑูุญ ูุงูู ุงูุณุจุจ 0096550522477,"1,0"
ุดูุฑุงู ููู ูู ุงูููุจ,10
ุฃุณูุฃ ููุง ุชุธู ูุงูู ููุง ุชุชููุน ุ ูุฑุตู ุชุนูุณุฉ ููู ุชุชูุฑุฑ ูุนูู ุงุจุฏุง,"3,0"
ูุณุชูู ุงููุธุงูุฉ ุถุนูู ุฌุฏุงู ุฌุฏุงู,"1,0"
ุงูุงูู ููุชุนู ูุงุฐุง ุฑุฌุนุช ุงูุฑูุงุถ ุงุฑุฌุน ููุณ ุงูููุฏู ูููู ูุงุญุจุงุจู ูููู ุงุฐุง ุฌุงู ุงูุฑูุงุถ ูุงูุฑูุญูู ุงูู ููุฏููู,10
ููุฏูู ุงูููุถู ูู ุงูุฑูุงุถ,10
ุบุฑู ูุจุณููู ุณูุฆู ุฌุฏุงู,"1,0"
ุดูุฑุงู ุจุฑูุฑุง,10
ุงูููุงู ูุธูู ูุงูุชุนุงูู ุฏูู ุงููุณุชูู ุงููุฃููู,"3,0"
ุฌูุฏู ููุนูุง ูุง,"5,0"
ุงุณุชูุจุงููู ููุชุงุฒูู ุฌุฏุงุงุง,"6,0"
ุชุฌุฑุจุฉ ุณูุฆุฉ ูู ุชุชูุฑุฑ.,"1,0"
ุงูุบุฑู ุตุบูุฑุฉ ุฌุฏุง,"6,0"
ูู ุดูุก ุฌููู ูุงุนูุฏ ุงูุชุฌุฑุจู,10
ุงูุงูุฉ ุฑุงุฆุนุฉ,10
ุงูุดู ููุฏู ุงุณูู ููู .. ูุง ููุฌุฏ ุนุฒู ุงุจุฏุง ุชุณูุน ูู ุงูุงุตูุงุช .. ุงููุงุก ุจุตูู ุณุงุงุงุงุฎู ุจููููู ุญุชู ูุฏู ูุงูุฏุฑุช ุงุบุณููุง ูู ููุฉ ุงูุญุฑุงุฑุฉ,"1,0"
ุงุดูุฑ ุฌููุน ุงูุนุงูููู ูุจุงูุงุฎุต ุฌููุน ุงูุนุงูููู ุจุงูุงุณุชูุจุงู,10
ุฃูุตุญ ููู ูุฑูุฏ ุงูุฅุณุชุฌูุงู ุงููุฑุฏู ุฃู ุงูุฒูุฌู ูุฃูุตุญ ุจุชุฌุฑุจุฉ ุบุฑูุฉ ูุน ุงูุตุงูุฉ,10
ุงูููุฏู ูุธูู ููุฎู,10
ุดูุฑุง ููู,10
ุงุชููู ุชุบูุฑ ุงูุงุซุงุซ,"1,0"
ูู ุงุฌูู ุงูููุงุฏู ุงูู ุณููุชูุง ูุงููุฏู ูู ุงูุณูู ููู ุงููุชุนู ูุงูุงุณุชุฌูุงู,10
ุฌููู ููู ูุญุชุงุฌ ููุงู ูุฑูุญ ููุงุฏุฆ,"3,0"
ุฐูุฑูุงุช ุฌูููู ูู ููุงู ุฌููู,10
ุงูุงูุฉ ูู ุชุชูุฑุฑ,"3,0"
ุฅูุงูุฉ ุณุนูุฏุฉ ููุฎุชููุฉ,10
ุงุชููู ุงุญุชุฑุงู ุฎุตูุตูุฉ ุงููุฒูู,"1,0"
ุณูุฆู ูุนุฏู ุญุณู ุงูุถูุงูู,"1,0"
ุณูุฆุฉ ุฌุฏุง,"2,0"
ุงูููุงู ูุญุชุงุฌ ุทุงูู ูุฏูู ุชุฏุฑูุจ ุนูู ุงูุชุนุงูู ูุน ุงููุฒูุงุก,"5,0"
ุฌูููุฉ ูููุชุนุฉ,10
ููุชุน ูุฏุงุฆู ุงููู ูุงุจุฏุงู ููุงูู ุงูุฏุงุฆู ุงูุดุงุก ุงููู,10
ุงุณูู ูุนูู ูุณุคูููุชู,10
ููุงู ุงุณุชุฌูุงู ุฌููู ุฌุฏุง ุงูุตุฑุงุญุฉ,10
ุชุฌุฑุจู ูู ุชุชูุฑุฑ ูู ูุฐุง ุงููุฑุน ุชุญุฏูุฏุงู ุจู ุงุณุชุซูุงุก ุงููุฑูุน ุงูุงุฎุฑู,"4,0"
ุฃุญุฏ ุฃุณูุฃ ุงูููุงุฏู,"4,0"
ูุงูุช ุงูุงูุฉ ููุชุงุฒุฉ,10
ูุง ููุฌุฏ,"5,0"
ูุงูุช ุชุฌุฑุจู ููุชุงุฒู ูุณุฃุนุงูุฏ,10
ุชุฌุฑุจุฉ ูู ุชุชูุฑุฑ,"1,0"
ุดูุฑุงู ููู โฃ๏ธ,10
ุชุฌุฑุจุฉ ุชุณุชุญู ุงูุชูุฑุงุฑ,10
ุงุดูุฑ ุงูููุธูู  ูููู  ูุณุงุฑู  ุนูู ุญุณู ุงูุงุณุชูุจุงู ูุงูุฐู  ุจุงูุชุนุงููโฅ๏ธโฅ๏ธโฅ๏ธ,10
ููู ุงูุฑูุนุฉ,10
ุบูุฑ ูุฑูุญ,"5,0"
ุชุฌุฑุจุฉ ุฑุงุฆุนู ูููู ููุงู ูุฑู ุจูู ุงูุฏูุน ููุงุจู ุงูุบุฑูู ูุฎุฏูุงุชูุง,"6,0"
ููุฃุณู ุฌููุน ููุงุฏู ุจุฑูุฑุง ุบุฑููู ุตุบูุฑู ุฌุฏุง ูุงูุฃุณุนุงุฑ ุบุงููู,"2,0"
ุงููุงูุน ุบูุฑ ูููู ูุฑุฑุน ุจุฑูุฑุง ุงูุถู,"5,0"
ูู ุชุชูุฑุฑ,"5,0"
ูู ุชุชูุฑุฑ ูุน ุงุญุชุฑุงูู ููู,"6,0"
ุงูุงูุฉ ุฑุงุฆุนู ูุฌูููุฉ ูููุชุนู,10
ููุช ุงุชููุน ุงูุงูุถู,"4,0"
ูุญุชุงุฌ ุงุนุงุฏุฉ ูุธุฑ ูู ุงูุฎุฏูุงุช ุงูููุฏูุฉ,"4,0"
ุชุนุงูู ุงูุงุณุชูุจุงู ุณูุก ุฌุฏุงู,"4,0"
ูู ุชุชูุฑุฑ,"1,0"
ูุงููุช ูู ุงุญุฌุฒ,"4,0"
ุงุดูุฑ ุฌููุน ุทุงูู ุงูุนุงูู ูุดูุฑ ููุงุณุชุงุฐ ุซุงูุฑ ุงูุถุง ุดูุฑ ุฎุงุต ุฎุงุต ุฎุงุต ุฌุฏุฏุฏุฏุฏุฏุง ููุงุณุชุงุฐู ูููู ุงูุชูุช ุจุฃุฏู ุงูุชูุงุตูู ููุจูู ุจุงูุชุนุงูู ู,10
ูุง ุฑุงุญุฉ ุฅูุง ูุน ุจุฑูุฑุง,10
ูุฏูุช ุนูู ุงูุณูู ุนูุฏูู,"4,0"
ุจุตุฑุงุญู ุงุฌูู ููุงู ุงููุช ููู ุจุงูุฑูุงุถ ูุฏุฑุฌุฉ ุงูุงุณุชุฑุฎุงุก ูุงูุฑููุงู ูุงููุนุงููุงุช ุงููู ุงูุจุณุทู ุนูุงูู ูููุง ุฎุตูุตุง ุงููุณุจุญ ุฌุฏุง ุงุณุชูุนุชูุง ู,10
ุฎุฏูุฉ ุงูุบุฑู ุณูุฆู ุฌุฏุง ุฌุฏุง,"5,0"
ุชุฌุฑุจุฉ ุณูุฆุฉ ุจูุง ุชุนููู ุงููููุฉ .,"1,0"
ููุฒูู ุงูุซุงูู ููุญุชุงุฌ ุงูู ุงูุชูุงู ุจุณูุท,"6,0"
ุชุฌุฑุจู ุฌูุฏู ุจุนุถ ุงูุดู,"5,0"
ุนูุฏ ุงููุฌูุก ุงูู ููุทูุฉ ุงูุฑูุงุถ ุณุชููู ูุฌูุชู ููุฏู ุจุฑูุฑุง,10
ุดูุฑุง ุฌุฒููุง ููููุธููู ุฌุฏุง ูุญุชุฑููู ูุฎููููู,10
ุดุฌุนูู ุจุงุนุงุฏู ุงูุณูู ููู ูุฑู ุงุฎุฑู .,10
ุงูููุงู ุฌูููู ุฌุฏุง ูู ูุงุญูู ุงูุฑุงุญู ููุฑูุจ ูู ูู ููุงู ูุงููุธุงูู ูุงูุฌุฏูู ููุชุงุฒู ูุงููุทูุฑ ุนูุฏูู ููุชุงุฒ ูุจุงูุงุฎุต ููุธููู ุงูุงุณุชูุจุงู ุง,10
ุงูููุงู ุฌูููู ุฌุฏุง ูู ูุงุญูู ุงูุฑุงุญู ููุฑูุจ ูู ูู ููุงู ูุงููุธุงูู ูุงูุฌุฏูู ููุชุงุฒู ูุงููุทูุฑ ุนูุฏูู ููุชุงุฒ ูุจุงูุงุฎุต ููุธููู ุงูุงุณุชูุจุงู ุง,10
ูู ุงููู ููู ุงูุบูุช ุงูุญุฌุฒ,"1,0"
ุงูุงูุฉ ุณูุฆู,"1,0"
ุฃุชุจุงูู ุจูู ูู ุญุถูุฑู ูุจุนุฏ ูุบุงุฏุฑุชู,10
ุงูุชุฌุฑุจุฉ ุบูุฑ ูุดุฌุนุฉ ููุนูุฏุฉ ูุฑุฉ ุงุฎุฑู,"4,0"
ููุจููุฉ,"4,0"
ูุงุจุงุณ,"4,0"
ุงุฑุบุจ ุจุงูููุงุด ุนู ุงูุณุนุฑ,10
ูู ุงูุถู ุงูููุงุฏู ุงูู ุณููุชูุง,10
ุฅุฏุงุฑุฉ ุชูุงุตูู ุงูุถูู .. ุฌูุฏุฉ ูุงูุงูุฉ,10
ุงูุงูุฉ ุณูุฆุฉ ูุน ูุงุณู,"3,0"
ูุฏูุก ุงูููุงู,10
ุณูููู ูุฌูุชู ุงูุงููู ุฎูุงู ุฒูุงุฑุงุชู ุงููุงุฏูุฉ ุงู ุดุงุก ุงููู,10
ุดูุฑุง ุจุฑูุฑุง ๐ค,10
ุงูุงูู ุฌูููุฉ ููุฑูุญุฉ,10
ุงูุงูู ุฌูุฏู ููู ุงูุชุฃุฎูุฑ ุบูุฑ ููุจูู,"3,0"
ุงูููุธููู ูููู ุจุทุก ูู ุทุจูุนู ูุนุฏู ูุฌูุฏ ุตุฑู ูู ุงูุงุณุชูุจุงู ูุง ุงุฑุฌุงุน ุงููุจุงูุบ,"1,0"
ููุฏูู ุงูุฌูู ุงูุฐู ููุงุณุจูู ููุญุงูู ูููุง ูุฒูุช ุงูุฑูุงุถ ุงุณุชุฑูุญ ููู ูุง ุงุณุชุบูู ุนูู ุงุจุฏุง,10
ูุงูุช ุงูุงูู ุณูุฆุฉ ููู ุชููุฑุฑ,"1,0"
ูุงูุชูุงุณุจ ูุน ุงูุณุนุฑ ุดูู ููุฑูุดุฉ ุจุฅุฎุชุตุงุฑ,"4,0"
ููุฏู ุงูููุถู,"5,0"
ุงูุงูุงูู ููุณุช ูุซู ูุงุชููุนุช,"3,0"
ุบูุฑุชูุง ุญูุงุชู ููุงูุถู ุจุตุฑุงุญุฉ,10
ููุฏู ูุฎุฏูุชู ูุซู ุงูุดูู ุงูููุฑูุดู,"1,0"
ููุธูู ุงูุงุณุชูุจุงู ุณูุฆูู,"1,0"
ุงูุงูุฉ ุฌูููุฉ,10
ุงุชููู ุงูุงูุชูุงู ูู ุงููุฏูุก ูุนุฏู ุงุฒุนุงุฌ ุงููุฒูู ุจุขู ุดูู,"2,0"
ุฏุงุฆูุง ุจุฑูุฑุง ุงูุงูุถู,10
ูุงูุช ุงูุงูุชู ุงูุงููู ูู ุงูููุฏู ููู ุงููู ูู ููุฏู ุบูุฑู ุนูุฏ ุฐูุงุจู ููุฑูุงุถ,10
ุณููุฆุฉ ุฌุฏุง,"5,0"
ูุงูุช ูููู ูุงุณูุงุก ุชุฌุฑุจู ุงูููุฏู ูุณุฎ ูุฏูุฑุงุช ุงูููุงู ุฒูุช ูุชููุถ,"4,0"
ุงูุฑุฑูุง ููู ุจูููุน ุงูุถู ุจุดุฑุท ุนุฏู ุงุฒุนุงุฌู ุจุฑูุงุฆุญ ุงูุทุนุงู,"2,0"
ูู ุชุชูุฑุฑ ุฒูุงุฑุชู ูููุฏู ุจุฑูุฑุง ุงุจุฏุง,"5,0"
ุงูุชุฌุฑุจู ุณูุฆู,"1,0"
ูุง ุงุฒูุฑู ูุฑุฉ ุงุฎุฑู,"6,0"
ุณูุฆุฉ ุฌุฏูุง .,"4,0"
ุณูุฆ ููุนุงู ูุง,"5,0"
ููุฏู ุฌููู ููุฌุฏ ููู ุฌููุน ุงูุฎุฏูุงุช ุงููุฑุถูู,10
ุงูุฎุตูุตูู ุตูุฑ + ููุธูู ุงูุงุณุชูุจุงู (ูููููู ูุงูุง ููุนููู),"6,0"
ููุฏูู ุงูููุธู ุจุฑูุงุถ ูู ุฏูู ุงู ููุงุฒุน,10
ูุถูุช ุจุงูููุฏู ุงุฌูู ุงูุงููุงุช ูุฏุค ูุฑุงุญู ููุณูู ูุงูู,10
ูููุง ูููุงู ุดูุฑูุง ุนูู ุงูุชุนุงูู ุงูุฌููู,10
ุงูููุฏู ุขุฎุฐ ุฃูุจุฑ ูู ุญุฌูู !!!!,"3,0"
ูู ุงูุถู ุงูููุงุฏู ุจุงูุฑูุงุถ,10
ุฌูููุฉ ุฌุฏุงุงุง,10
ูู ูู ูุณูู ููู - ูู ูุณูู ุจููุฏู ุจุตุฑุงุญู,10
ูู ุงูุฑุฑ ุงูุชุฌุฑุจุฉ ูุฑุฉ ุฃุฎุฑู ููู ุงูููุฏู ุจุดูู ุนุงู ููุณ ุณุฆ,"6,0"
ูุงุฃุฑูุนู,10
ุฅูุงูุฉ ูุฎูุจุฉ ููุชููุน,"4,0"
ุงูููุงูู ุฌูููู ููุชููุฑู ููู ูู ุงูุฑุฑ ุจุณุจุจ ูุงุญุตู ูู ูู ูุดููู,"5,0"
ุดูุฑุงู ููุฌููุน ูู ุงูููุจ ุนูู ุญุณู ุงูุชุนุงูู,10
ุงุดูุฑ ูู ูู ( ููุงู - ุณุงุฑุง - ูููู - ุงุญูุฏ ) ุนูู ุญุณู ุงูุงุณุชูุจุงู ู ุงูุงุฎูุงู,10
ูุง ุงูุตุญ ุจุญุฌุฒ ูุฐุง ุงูููุฏู ููุฐู ุงุฎุฑ ุฒูุงุฑู ูู ููู ุงูุฑุฑูุง ๐๐ป๐๐ป๐๐ป๐๐ป,"1,0"
ุฌุฐุจูุง ุงูุงุณู ูููู ุงูุฎูุฑุงุช ูุซูุฑุฉ ุจุงูุฑูุงุถ,"6,0"
ูุคุฏู ุงูุบุฑุถ,"5,0"
ุงุณุชุฌูุงู ุจูุนูู ุงููููุฉ,10
ุงุฌูู ููุงู ุงูุงูู ูู ุญูุซ ุงูุฑุงุญู ูุงููุธุงูู ูุงููุฏูุก ูุญุณู ุงูุชุนุงูู,10
ูุง ุจุงุณ ุงูููุฏู ููุงุจู ุณุนุฑ ุงูููุงุฏู ุงูุงุฎุฑู,"3,0"
ููุชุนู ูุถููู,"6,0"
ุฃุณุชูุชุน ุจุงูุงูุงูู ุนูุฏูู.,10
ุฌูุฏุฉ ููุนุงู ูุง,"6,0"
ุงูุงูุฉ ุณูุฆุฉ ููุง ุงูุตุญ ููู ุตุบูุฑ ูุงุฒุนุงุฌ,"1,0"
ุงุชููู ุฒูุงุฑุชูู ูู ุงูุฑุจ ููุช ูููู,10
ุฌููู ุฌุฏุงู,10
ุงูุตุญ ุงููุณุงูุฑูู ููุฑูุงุถ ุงูุณูู ูู ููุฏู ุจุฑูุฑุง ููุง ุฑุงุญ ููุฏููู,10
ุงูููุฒู ุงููุงุฎุฑ,10
ุฅุฌุงุฒุฉ ุณุนูุฏุฉ ูู ุจุฑูุฑุง  โค๏ธ,10
ููุงูู ุงูุฏุงูู ูุฐู ูููุฑู 20 ุงูู ุงูุฒู ููู,10
ุฃุนุชุฐุฑ ูุงุฃุนูุฏ ุงูุณูู ูู ุจุฑูุฑุง ูุฑุทุจุฉุ ุชุฌุฑุจุชู ูุน ูุฑุทุจุฉ ุงูุนููุง ุฃูุถู,"4,0"
ูุณุท,"5,0"
ุงูุงูู ุฌูููู ูุฑุงุฆุนู ูู ููุฏู ูู ุงุฌูู ููุงุฏู ุงูููููู ุงูุนุฑุจูู ุงูุณุนูุฏูู ุงูุฐู ููุชุงุฒ ูู ูููุน ุฌููู ูุชูุณุท ุงููุทุงุฑ ููุงุฌู ุงูุฑูุงุถ ูุงูุฑ,10
ููููู ุฌุฏุง,"6,0"
ุงูุงุณุชุงุฐู ุฏูุงู ุงุณุชูุจุงููุง ุฌููู ุฌุฏุง,10
ุณุงุฑุง ูู ุชุณุชุทูุน ุงู ุชูุฌุฒ ุญุฌุฒู ุจุฃุณุฑุน ููุช,10
ุชุฑู ูููู ุงูุทุจุงุน ุณูุฆ ูุดุฑูุฉ ุจูุฑูุฑุง ุงูููุฏููุฉ,"4,0"
ุบูุฑ ูุฑูุญุฉ.. ุงูููุฏู ูุญุชุงุฌ ูุฑุงุฌุนุฉ ุงูุงุณุนุงุฑ ูุงูู ุชุทููุฑ ูุณุชูู ุงููุธุงูู,"4,0"
ุงูุงูุฉ ุณูุฆุฉ ุฌุฏุง ููุฏุฉ ุณุงุนุฉ,"1,0"
ุฑุงุฆุนุฉ ุชุณุชุญู ุงูุงุนุงุฏุฉ,10
ุงุฌูู ููุธููู ุงุณุชูุจุงู,10
ููุจููุฉ,"6,0"
ุงูุงุณู ูุจูุฑ ูุงููุงูุน ุดูุก ุงุฎุฑ,"4,0"
ุณูุก ุณูุก ุชุนุงูู ุงูููุธููู ุงูููู ุงูุณุงุนู 3 ูุฌุฑุงู,"1,0"
ุงุดูุฑูู,10
ูุง ุฃููุฑ ุจุงูุชูุฑุงุฑ,"4,0"
ุดูุฑุง ูููุญุทุงูู ููุธู ุงูุงุณุชูุจุงู,"6,0"
ูู ุฃุนูุฏ ุซุงููุฉ ..!!,"4,0"
ุงูุงูู ุฌูููู ููุฑูุญู ูุฎุฏูุงุช ุฑุงุฆุนู,10
ุชุฌุฑุจุฉ ูู ุชุชูุฑุฑ,"2,0"
ุงูุณุนุฑ ูุจุงูุบ ููู ููุงุจู ุงูุฎุฏูุงุช,"5,0"
ุงูุงุณุนุงุฑ ุฒุงุฏุช ูุฑู,10
ุบุฑูู ุฑูู 126 ุงูุชุจููุง ูููุง,"3,0"
ุทูุจ ูููู ุงุณุชุบูุงูู,"3,0"
ูุง ุฃูุตุญ ุจู,"3,0"
ุชุฌุฑุจุฉ ุฌูููุฉ ูู ูุงูุงูุฉ ุฑุงุฆุนุฉ ูู ุงูููุฏู ููุชุทูุน ุงูู ุชูุฑุฑ ุงูุฒูุงุฑุฉ ุจุฑููุฉ ุงูุนุงุฆูุฉ ูููุช ุงูุง ุงูู ุงุฎุชุฑุช ุงูููุฏู ููู ุงูุฏู ุนูู ุงุฎุชูุง,10
ูููุน ุฌูุฏ. ุงุณุนุงุฑ ูุจุงูุบ ูููุง ุ ุฎุฏูุฉ ุถุนููู,"4,0"
ูุชูุณุท,"6,0"
ุงูู ููุง ููุช ุงุชููุน,"2,0"
ุงุญุจุชุช ุงูููุงู ูุงูุตุญ ุงูุฌููุน ุงููุฒูู ููู,10
ูู ูุงูู ุงุณูู ูุฑุฉ ุงุฎุฑู ุจูุงุด ูุงููู ูุงุนูุฏ ุงูุชุฌุฑุจุฉ,"1,0"
ุดูุฑูุง ููู ููุธู ูุงุฎุต ุจุงูุดูุฑ ุงููุฏูุฑุฉ ุฑูุถุฉ,10
ุฑุงุญุฉ ููุณูุฉ ูุงุฌุงุฒุฉ ุณุนูุฏู ูู ููุฏู ุฌููู ุฌุฏุง,10
ุดุงูุฑ ูููุฏุฑ ููู ุญุณู ุงูุชุนุงูู,10
ุงุณูุก ููุงู,"1,0"
ูู ุงุนูุฏ ููุง,"6,0"
ูู ุงุณูู ุงูุงูุงูุงุช,"1,0"
ุจูุฑูุฑุง ููุชุทููุด ุนููุงู,"4,0"
ููุชุงุฒุฉ ุฌุฏุง,10
ููุฏู ูุณุงุญุงุชู ุถููุฉ,"6,0"
ุฌุฏุงู ุฌูููู,10
ุงูุงูู ุบูุฑ ูุฑูุญู ูุฎุฏูู ุณูุฆุฉ,"4,0"
ููุฉ ุงูุฑุงุญุฉ ูุงูุงูุชูุงู,10
ุงูุงูุฉ ูุตูุฑุฉ ููุงุฎุชูุงุฑ ุงูุซุฑ ูู ุฑุงุฆุน ุ ุงูููุธู ููุณู ุชุนุงููู ุฌุฏุงู ุฑุงุฆุน ูููุดูุฑ ุนูู ุณุฑุนุฉ ุงุณุชุฌุงุจุชู ูุงุฎูุงูุฉ ุงูุนุงููุฉ .,10
ุงูุดูุฑ ูููุฏูุฑ,10
ูุฎูุจ,"4,0"
ูุญุชุงุฌ ุฅุนุงุฏุฉ ุชุฃููู.,"6,0"
ุงุณูุก ุฅูุงูุฉ ุงููุชูุง ุจูุฐุง ุงูููุฏู,"1,0"
ุจุงุฎุชุตุงุฑ ุชุฌุฑุจุฉ ุณูุฆุฉ ูู ุงูุฑุฑูุง,"1,0"
ุงูุชุนุงูู ุฌูุฏ ูู ุงูุฌููุน,"5,0"
ูู ุชุนุฌุจูู ุงูุฎุฏูู,"1,0"
ุงูุงูู ูุง ุงูุฑุฑูุง ูุฑู ุงุฎุฑู,"1,0"
ุงูุชุฌุฑุจุฉ ุงูุฃุฎูุฑุฉ,"1,0"
ููุฃุณู,"1,0"
ุดูุฑุง ุฎุงุต ููุงุณุชุงุฐ ุจูุฌุช ุงููุฏูุฑ ูุงุณุชุงุฐ ูุจุงุฑู,10
ุงูุญูุฏููู ุชูุงู ูููุง ุงูุณุนุฑ ู ุงูุจูููู ุบูุฑ ุฌูุฏ,10
ุฌููู ุฌุฏุง ููุธูู ๐๐ผ,10
ููุฏู ุณูุก,"2,0"
ุชุฌุฑุจุฉ ูู ุชุชูุฑุฑ,"1,0"
ููุฏู ุงุดุจู ุจุงูุดูู ูุงุญุชุฑุงููุฉ,"6,0"
ุงูููุธู ูู ูุชุนุงูู,"1,0"
ุฅูุงูุฉ ููุชุนุฉ ุชุณุชุญู ุงูุนูุฏุฉ ููุง,10
ูุฌูุชู ุฏุงุฆูุงู ุจุฑูุฑุง,10
ุฎุณุงุฑู ูููุณ ุนูู ุงููุงุถู,"3,0"
ูุงูุช ุงูุงูู ููุชุนู ุฌุฏุงู,10
ูุฏููุฉ ุงูุฑูุงุถ,"3,0"
ุงุณูู ุงูุงูุฉ ููุฌููุนุฉ ุจุฑูุฑุง,"3,0"
ุนูู ูุฏู 26 ุนุงู ูู ุงูุณูุฑ ุจูู ุฏูู ุงูุนุงูู ูู ุฃุฌุฏ ุชุนุงูู ุฃุณูุก ูู ุชุนุงูู ุงููุณุฆูููู ูู ูุฐุง ุงูููุฏู,"4,0"
ูุงุจุฃุณ ุจูุง,"6,0"
ุงูุงูุฉ ูุฑูุญุฉ,"6,0"
ููุฏู ุงูุฏุงูู,10
ุงุฎุฑ ุฒูุงุฑุฉ ูู ูู ูุฐุง ุงูููุฏู,"1,0"
ููุชุงุฒุ ุฃูุตุญ ููู,10
ุชุฌุฑุจุฉ ุณูุฆุฉ ูู ุชุชูุฑุฑ,"1,0"
ุงูุฑูุงุถ,"1,0"
My experience ุชุฌุฑุจุชู ูู ููู ูุงุญุฏ,"6,0"
ูุณุช ุฑุงุถู,"5,0"
ุฒูุงุฑุฉ ุฌูููู..,10
ุจุตุฑุงุญุฉ ูู ุชูู ุฌูุฏู ุจุณุจุจ ุชุนุงูู ููุธู ุงูุงุณุชูุจุงู,"4,0"
ูุงู ูุฎูุจ ููุงูู,"4,0"
ูู ุงุนูุฏ ูู ูู ูุงุจูู ุงูุง ูู ูู ุงูููุงุฏู,"1,0"
ุฃุณูุฃ ููุงู ุฅูุงูุฉ,"1,0"
ูุงูุช ุงูุงูู ูุน ุงูููู ูุน ุงุญุชุฑุงูู ููู ููุงุฌุชูุงุฏูู ูู ุชุญุณูู ููุนูุฉ ุฎุฏูุงุช ุงูููุฏู,"1,0"
ููู ุฒู,"1,0"
ุชุฌุฑุจุฉ ูู ุชุชูุฑุฑ ุงุจุฏุงู,"1,0"
ุฃุฏุงุฑุฉ ุงูููุฏู ุชุญุชุงุฌ ุชุญุณูู,"6,0"
ูุธุงูุฉ ุงูููุงู ู ุงููุงููุฉ ุฃูุงู ุงููุณุจุญ ุฃุฌูุงุก ุฌูููุฉ,10
ุชุฌุฑุจุฉ ุณูุฆุฉ ูู ููุฏู ูุญูู ูุฐุง ุงูุงุณู ุงูุนุฒูุฒ,"3,0"
ุงุณุชูุชุนุช ุนูู ุงุฎุชูุงุฑู ูููุฏู ุจุฑูุฑุง โค๏ธ,10
ุนุงุฏูุฉ,"4,0"
ุงุชููุน ุงูู ุฑุงุญ ุงูุฑุฑ ุงูุฒูุงุฑู  ูุฑุงุช,10
ุณุงูุฑุฑ ุงูุงูุงูู ูู ุฒูุงุฑุชู ุงููุงุฏูู ููุฑูุงุถ,10
ูุงูุช ุงูุชููุนุงุช,10
ุงูุซุฑ ูู ุฑุงุฆุนู,10
ูุงูุช ูููุชุงุฒุฉ,10
ุตุฑุงุญู ููุฏู ููุชุงุฒ ุฌุฏุง ูู ุชุนุงูู ููููุน ูุงูู ูุดุฑุจ ููุชุงุฒ ููู ุฎูุงุฑู ุงูุงูุญุฏ ููุง ุงุฑูุญ ุงูุฑูุงุถ,10
ุฃูุตุญ ูู ูุตู ุฅูู ูุฐุง ุงูุณุนุฑ ุฃู ูุจุญุซ ุนู ุจุฏุงูู ููุงุณุจุฉ,"2,0"
ููุฃุณู ุฃููู ุฏูุนุช ูุจูุบ ููุฏุฑู ูู ุฃูุงูุฉ ูุงูุช ูู ูุฌูููุง ุบูุฑ ุณุนูุฏุฉ ุงูุบุฑู ุฃุดุจู ุจุงูุณุฌูู ุงููุฏููุฑู ุงูุณููู ูุงุฒูู ุงูุบุฑู ุถููุฉ ุฌุฏูุง ุฅุถ,"6,0"
ุงูููุฏู ูุญุชุงุฌ ุฅูู ููุณููุฉ ุฌุฏูุฏุฉ ุชูุจู ุงูุญุฏ ุงูุฃุฏูู ูู ุงููุฎุงูุฉ,"5,0"
ุงูุงูุฉ ุณูุฆุฉ ุฌุฏุงู ู ุนุงููุช ูู ุงูุฑูุงุฆุญ ุณูุงุกู ูู ุงูููุงุฑุด ุงู ุฏูุฑุงุฉ ุงูููุงุฉ ูุชุณุฑูุจุงุช ุงูููุงู ูููุง ู ุงูุณุฏุงุฏุงุช ูููุงุถุงูุงุช ูู ุฏูุฑุฉ ุงู,"2,0"
ุงูููุถููู ุชุนุงูููู ุณูุฆ ุฌุฏุงู ูุบูุฑ ูุชุนุงูููู,"6,0"
ุณูุฆุฉ ุฌุฏุง ุฌุฏุง,"1,0"
ููุงู ูุฑุชุจ ูุฑุงูู ุฌุฏุงู ููููุนู ููุชุงุฒ ูุฑูุจ ูู ูู ุดู,10
ูุงุดุงุก ุงููู ุนูููู,10
ูู ุชูู ุจูุซู ุณุงุจููุง โน๏ธ,"5,0"
ุงูููุงู ุฌููู ุฌุฏุง ูุงูุตุญ ูู ุฒูุงุฑุชู,10
ูุด ููุง ุจุฏ,"5,0"
ูุงูุช ููุจููู,"6,0"
ููู ุงูุฑุงุฆุน ูุงูุตุฑูุง ูู ุงููุธุงูุฉ ูุงูุชุนููู ู ุณุฑุนุฉ ุงูุฎุฏูุฉ,10
ุฏูุนุช ุนุดุงู ุงุฑุชุงุญ ูููู ูุงุฑุชุญุช ุจุณุจุจ ุตุบุฑ ุงูุบุฑูุฉ,"5,0"
ุณูุฆู ููู ุชุชูุฑุฑ,"1,0"
ุจุงุฆุณุฉ,"4,0"
ููุชุนุฉ ููุบุงูุฉ .,10
ูุงููู ูุณุงุฌ ูููุฎ ูุงูุชูููุฑ ูุฑุงุญู ุฌุฏ ูุฑุจู,10
ุงุชููู ุงุนุงุฏุฉ ุงููุธุฑ ูุงูุชุงูุฏ ูู ุตุญุฉ ููุธุงูุฉ ุงูุบุฑูู ูุจู ุงุนุทุงุก ุงููุฒูู ุบุฑูุชู,"1,0"
ููุงู ุฌููู ููู,10
ูุฑููุฉ,"5,0"
ุฌูุฏ ููุน ูุง,"6,0"
ุณูุฆ ุฌุฏุงู ููู ุงูุฑุฑูุง,"1,0"
ุดูุฑุง,10
ูุฎุงูุฉ ุงูููุงู ูุงููุฏูุก,10
ูู ุงุฑูุน ุงูุฃูุงูู ุงูู ุณููุชูุง,10
ุจุงุฐู ุงููู ูู ุฑุฌุนุฉ ูุฑู ุซุงููุฉ,"6,0"
ุฌูุฏ,"5,0"
ุงูุงูู ููุจููู,"4,0"
ุณูุฆุฉ,"1,0"
ูุณุชุญู ุงุนุงุฏุฉ ุงูุชุฌุฑุจุฉ,10
ูู ุงูุงู ูุตุงุนุฏุงู ูู ูู ูุฑู ุงุฌู ุงูุฑูุงุถ ุฑุงุญ ูููู ุงุฎุชูุงุฑู ุงูุงูู ูู ุจูุฑูุฑุง,10
ูุงููู ุญุฑุงู ุงุฏูุน 525ุฑูุงู ุนูู ุบุฑูู ุงุดุจู ุจ ุงูุนุฒู,"1,0"
ุงูุงุซุงุซ ูุณุชููู,"1,0"
ุฌุฏุงู ุฌููู,10
ูุง ุงุชููุน ุงูุนูุฏุฉ ุงูู ููุณ ุงูููุฏู,"5,0"
ุจุงููุนู ููุฏู ูุณุชุญู ุงูุชุฌุฑุจุฉ,10
ุฑูุงุฏูุฉ,"1,0"
10 ูู 10,10
ูุงูุช ููุชุงุฒู ููุง ุงุดูุฑ ูุฏูุฑุฉ ุนูุงูุงุช ุงูุนููุงุก ุงูุงุฎุช ุฑูุถู ุนูู ูุงุชุจุฐูู ูู ุฌููุฏ ููุฐุงูู ุฌููุน ุฒููุงุฆูุง,10
ุดูุฑุงู ูู ุงูููุจ,10
ููุงูู ุงูููุถู,10
ููุชุงุฒ ุฌุฏุงู ููุงูุงูู,10
ุงูููุงู ุจุนูุฏ,"6,0"
ุงูุบุฑู ุตุบูุฑู ุฌุฏุงู,"1,0"
ูุฎุงูุฉ ุจุฏูู ุฑุงุญู,"1,0"
ุฑุงุฆุนุฉ,10
"ูุงุตุฑ ุตุงูุญ  
ุงูุฎุจุฑ",10
ุงุดูุฑ ููุธูู ุงูุงุณุชูุจุงู ูุฎุตูุตูุง ุงูุงุณุชุงุฐ ุนูุณู,10
ูุธูู ุฌุฏุงู ููููุฒ,10
ุฌููู,10
ุชุนุงูู ุฑุงูู ูู ุงูุงุฎุช ุฑูุถู ๐๐ป,10
ุดูุฑุง ุนูู ุชุนุงูู ุงูููุธููู ูุจุงูุงุฎุต ุงูุงุณุชุงุฐู ุฑูุถู ูุฏูุฑุฉ ุงูุนูุงูุงุช,10
ุงุดูุฑูู ุฌุฒูู ุงูุดูุฑ,10
ุณุฃูุฑุฑู ูุฑู ุงุฎุฑู ููููุช ุชูุฎุถ ุงุณุนุงุฑ ุงูุงูุงูุฉ,10
ูุฑูุญ,10
ุชุฌุฑุจุฉ ูุง ุชุณุชุญู ุงูุฅุนุงุฏุฉ,"4,0"
ุงูุงูู ุฌูููู ููุถููุง ููููู ูุฑูุญูู  ูุดูุฑุง ูุฌููุน ุงูููุธููู ูุจุงูุงุฎุต ุงุณุชุงุฐู ุฑูุถู ูุฏูุฑุฉ ุงูุนูุงูุงุช,10
ุณุนูุฏู ููุฑูุญู ูููุชุนู,10
ุฌูุงู ุงูููุงู ูุชุนุงูู ุงูููุธููู ุงูุฑุงุฆุน ูุงุดูุฑ ุงูุงุณุชุงุฐุฉ ุฑูุถุฉ ุนูู ุฑูููุง ูุชุนุงูููุง ุงูุงูุซุฑ ูู ุฑุงุฆุน,10
ููุง ุงุฑูุน ุตุฑุงุญุชู ุงูููุงู ูุงูููุธููู ุงูุตู ุจู,10
ูููุง ุทุงูู ุงูุนูู ุจุฏุงูู ูู ุงูุณูุฏู ุฑูุถู ูููุช ูููุช ุงูุงูุชู,"6,0"
ููุชุงุฒ ุฌุฏุงู,10
ุฑุงุฆุน ุจูู ุงูููุงููุณ ููุงุฏุฆ,10
ููุงูู ุงูููุถู ุจุฑูุฑุง ู ุทุจุฉ,10
ุจุฑูุฑุง ูุฑุทุจู ููู ูุฑูุฏ ุฃู ูุณุชูุชุน ุจุงูุฑุงุญู.,10
ุชูููู ุจูุฑูุฑุง,"4,0"
ูู ุฃูุถู ุงูููุงุฏู ๐๐ป๐๐ป,10
ููุงู ุฑุงุฆุน ูุฑููุงู ูุงูุงุณุชุฑุฎุงุก,10
ูููุฉ ุฑุงุฆุนุฉ ูู ุจุฑูุฑุง ูุฑุทุจุฉ,10
ุงูููุฏู ููุชุงุฒ ู ุงูููุงู ุงููููุน ุฌูุฏ ู ุงูุงุณุชูุจุงู ูุดูุฑ ุนูููู ู ุญุณู ุงูุงุฎูุงู ุงูุนุงููุฉ,10
ูุฑุถู,"6,0"
ุจุฑูุฑุง ุนููุงู .. ุงูุฑูุงููุฉ ูุงูุฑุงุญุฉ,10
ูููุน ุงูููุฏู ุจุทู,10
ูู ุงูุถู ุงูููุงุฏู ๐๐,10
ููุฏูู ุงูููุถู,10
ุณูุก ููุธููู ูุณุนุฑ ูุฑุชูุน,"1,0"
ุฌููู,10
ุจุฃุจุชุณุงูุฉ ุงูููุธู ุณุนุฏ,10
ูููุตู ุงุทูุงูู ุฌูููู ..,10
ููุฏู ูุงุฏู ูุฌููู ุฌุฏุงู ูุนูุจู ููุท ูุงูุช ูุงูุบุฑูุฉ ุชุณูุน ุตูุช ุงููู ูุงูููุฑุงู,10
ุงูุงุณุชูุจุงู ู ุงูููุธููู,10
ููุฏู ุฑุงุฆุน ููุฑููููุญ,10
ุชุฌุฑุจุฉ ุฑุงุฆุนุฉ,10
ููุจูู,"4,0"
ููุธู ูุซุงูู ููุชุนุงูู,10
ุฒูุฌูู,10
ููุงู ูุณุชุญู ุงูุชุฌุฑุจู,10
ูุฎูุจ ููุฃูู,"4,0"
ุงุณูุฃ ุงูุงูุฉ ูู ูู ุงูุฑูุงุถ,"1,0"
ุฃุดูุฑ ุงูุฌููุน ูุงูุถูุงูู ุฌุฏุงู ุฑูุนู ูุฎุงุตู ุงูุงุฎุช ุฑูุถู,10
ููุฏู ุฑุงูู ุฌุฏุง ูุนุงููุฉ ุงูููุถููู ุฌุฏุง ููุชุงุฒู,10
ูุงูุช ุชุฌุฑุจุฉ ุณูุฆู ูู ุชุชูุฑุฑ,"1,0"
ุชูููู ูููุฏู ุจุฑูุฑุง - ุฑุงุฆุน ุฌุฏุงู,10
ุงูู ูุฑู ุงูุชุจ ุชุนููู ุณูุจู ุจุณ ูุนูุงู ุงูุงูู ุณูุฆู,"2,0"
"ุดูุฑุง  ููุธู ุงูุงุณุชูุจุงู ุงุญูุฏ  ูุงูุงุณุชุงุฐู ุฑูุถุฉ๐ค ,ูุดูุฑุง ูุดุฎุต ูุตุฑู ุงุณูู ุงุณูุงู ุชุจุน ุงูุจูููู ุงูุฑูุถุงูู",10
ูุฎุฑ ุงููุณูู,10
ุชุฌุฑุจู ุฌุฏูุฏุฉ ููุงูุงูุฉ,10
ูู ุดู ุฌููู ุงูุฑุงุญุฉ ูุงููุฏูุก,10
ุฌูููู ุฌุฏุง ููุงู ุจุฏุงูุชูุง ูู ุงูุงุณุชูุจุงู ุงูุฑุงุฆุน ูู ุงูุงุฎ ุนูุณู,10
ุงูุดุฑููู ุงูุฌุจูู,10
ููุชุนุฉ .,10
ุดูุฑุงู ูู ุงูููุจ ๐น ููุฏู ุจุฑูุฑุง ูุฑุทุจู,10
ูุงูุช ุงูุงูู ููุชุงุฒู ูุญููููู,"9,0"
ุงูุงูุฉ ููุชุงุฒู ููุฑูุญุฉ,"9,0"
ุฌูููู ุจุณ ุงููููุฉ ูุฑุชูุนู ููุบุงูู,"7,0"
ุงุดูุฑ ุงููุฏูุฑู ูุฑุงู ุนูู ุญุณู ุงูุงุณุชูุจุงู,"8,0"
ุงูุงูุฉ ุฌูููู ูุฑุงุญ ุชูุนุงุฏ ุงูุชุฌุฑุจู ุจุฅุฐู ุงููู,"9,0"
ูุงูุช ุงูุบุฑูู ูุธููุฉ ูููู ุงูุงุฒุนุงุฌ ูุงู ููู,"7,0"
ูุงูุช ุฑุญูู ูุตูุฑู ูุญุธูุฑ ููุงุณุจู ุงุณุชูุชุนูุง ุจุงูุงูุงูู ูู ููุฏู ุจุฑูุฑุง,"7,0"
ุญูููู ุจุณ ุชููุฑูู,"7,0"
ุงุนุดู ููุฏู ุจุฑูุฑุง ูุฑุทุจุฉ,"8,0"
ูุฑูุญุฉ ููููุฆุฉ ุจุงููุธุงูุฉ,"8,0"
ูุงุฏุฆู ูููุชุนู,"7,0"
ุงูููุงู ูุธูู ููุฑุชุจ ูุจุดูู ุนุงู ูุนุชุจุฑ ุฌูุฏ ูููุงุณุจ ุฌุฏุง ูุฑูุงุฏ ุงูุงุนูุงู ููููุชุฒูุฌูู,"8,0"
ุงูุงูู ููููู ูู ููุงู ูุธูู ููุฑูุญ,"9,0"
ููุจููู,"7,0"
ูู ุงูุชุน ุงูุงูุงู ุงููู ูุถูุชูุง ูู ุงูุฑูุงุถ ูุงูุช ุจุงูููุฏู,"9,0"
ุฌูููู ูููุง ุทุงุจุน ูููุฒ ููุงุฏุฆ,"7,0"
ุงูููุฏู ุฌููู ุฌุฏูุง ูููู ูุง ููุฌุฏ ุฑุงุญุฉ ููุง ุงุณุชููุงููุฉ,"7,0"
ุงูููุฏู ูุฑุฑุฑู ูุธูู ูุฑุงูู,"7,0"
ููุชุงุฒุฉ,"7,0"
ุงูููุธููู ูุชุนุงูููู ูู ุถูููู ุงูููุธู ูุงููุุทุงูู ุงูุนูู ุฎุฏูููู,"7,0"
ุงูุญูุฏ ุงูุงูู ุฌูุฏุฉ,"7,0"
ูุงูุช ุฌูููู ูููุจููู,"8,0"
ูุง ุจุฃุณ ุจูุง ูุง ุงุชููุน ุงู ุงูุฑุฑูุง,"7,0"
ุฌูููุฉ,"7,0"
ููุฏู ูุฎู ูููุงุณุจ ูููุฒุงููุชู,"8,0"
ููุชุนุฉ,10
ุดูุฑุง ูููุธููู ุงูุงุณุชูุจุงู ูุญูุฏ ุงููุญุทุงูู ูุนุจูุฏ ูุงูุงุณุชุงุฐ ุงุญูุฏ ูุชุญู,10
ุงุฑูู ูุงุฑูุญ ููุฏู ุงูุฑุฑ ุฒูุงุฑุชู ูู ูุงูุนุงุฏู ุฑุงููู ๐๐ป,10
ุงุดูุฑ ุฅุฏุงุฑุฉ ููุฏู ุจุฑูุฑุง ุนูู ุงูููุงู ุงูุฌููู ูุงููุฑุงูู ุงูููุฌูุฏุฉ ูุงูุถุงู ุงูููุธููู,10
ุงูุฑูููุณูุฉ,10
ูุงูุช ุงููุงูู ุฌูููู ุจุงูููุฏู,10
ุฌููู ุฌุฏุง ูุงูุฎุตูุตูู ุนุงููู,10
ุชุฌุฑุจุฉ ุฌูููุฉ,"6,0"
ูุงูุช ุฌูููู ูููุชุนุฉ,10
ุดูุฑุง ููู ูู ุงุนูุงู ููุจู ุนูู ุงูููู ุงููุทูู ุงูุฎููู,10
ุงุดูุฑ ุงุฏุงุฑุงุฉ ุงูููุฏู ูุงูููุธู ุซุงูุฑ ุงูุดูุฑู ุจุงูุงุฎุต,10
ุฑุงุฆุน ุดูุฑุง ููู,10
ุงููุฏูููู ุฌููู,"6,0"
ููุงู ุฌููู ูุงููุธุงูู ุชูููุจ ูุงูุชุนุงูู ุฑุงูู ูุงููููุน ุงุฌูู,10
ุดูุฑุง ูู ุงูููุจ,10
ุงุดูุฑ ุงูุทุงูู ูู ููุธููู ูุนูููู ููู ููู ูู ุงูุดูุฑ,10
ูุงููุฌุฏ,10
ุชุฌุฑุจุชูุง ุงูุซุงูุซู ูููุฏู ุจุฑูุฑุง ูุฑุทุจุฉ ููุงู ููุงุณุจ ูุณูู ุงุดูุฑ ุงูุงุณุชุงุฐ ุงุณุงูุฉ ุนูู ุญุณู ุงูุชุนุงูู,10
ุงูููุจู ููุชุน,10
ุบูุฑ ูุฑูุญ,"2,0"
ูุงูุฉ ูุงูุช ุณุนูุฏ ูุงุณุชูุจุงู ูุชุฑุญูุจ ุฑุงุฆุน ุฎุงุตุฉ ูู ูุฏูุฑ ุงูููุฏู ูุงูุงุณุชูุจุงู,10
ุงูููุงู ุฌููู ุงูููุธููู ุงูุงุณุชูุจุงู ููุชุงุฒูู,10
ุงูุงูู ููุชุนู,10
ููุงุณู ูุงูุช ุงูุงูุฉ ูุฒุนุฌุฉ,"3,0"
ุงููููุฉ ููุงุจู ุฌูุฏุฉ ุงูุฎุฏูุฉ ูุงูููุฏูุฉ ูุนุชุจุฑ ุงูุถู ุงูุงูุงูู ูุงูุตุญ ุจุดุฏุฉ ุดูุฑุงู ุจุฑูุฑุง ุดูุฑุงู ููุธูู ุงูุงุณุชูุจุงู ุงููุชุฑู ุงููุณุงุฆูุฉ,10
ููุงู ูุงุฏุฆ,10
ูุฑู ุดูุฑุงู,10
ุงุดูุฑ ุงูุงุณุชุงุฐู ุฑููุง ุนูู ุญุณู ุงูุชุนุงูู.,10
ุชุฌุฑุจู ูู ุชุนุงุฏ,"1,0"
ููุฏู ุฌููู ูููู ุงููุจูุบ ูุฑุชูุน ููููุงู,"6,0"
ููุฏู ุฑุงูู,10
ูุฒุนุฌุฉ ููุบุงูุฉ,"4,0"
ุฌููู ูุงูุฑุฑ ุงูุฒูุงุฑู,10
ุงุณุชูุชุนุช ูู ุงูุงูุชู ูู ุจุฑูุฑุง ุชุฌุฑุจู ููุชุงุฒู,"5,0"
ุงุชูููู ุงู ุงุณูู ุนูุฏูู ูุฑุฉ ุงุฎุฑู,10
ุชุดููู ูุนุฏู ุงุญุชุฑุงู ุงูุฎุตูุตูู ูู ููุช ุนูุฏ ุงูุฏุฎูู ูุฌุจ ุงูุชุงูุฏ ูู ุงูุฒูุฌู ููุทุงุจูุชูุง ุจุงูุงุซุจุงุช,"1,0"
ุดูุฑุงู ุฎุงุต ููุฑูู ุงุณุชูุจุงู ุนูู ุญุณู ุงูุชุนุงูู ุงูุฌูููโ๐ป๐,10
ูุง ููุฌุฏ,"5,0"
ูู ุฃูุถู ุงููุงูู ุงููู ูุถูุชูุง ๐ค๐ค,10
ููุช ูุณุชูุชุน ูู ุงููุจู,"6,0"
ุงูุฑุฑ ุฒูุงุฑุชู ููู ุงููุฏ ุงู ุดุงุก ุงููู,10
ุงุณูุง ุงูุงูู ุงููุชูุง ููุงูููุฏู ูุงุฎุฑ ูุฑุง ุงู ุดุงุก ุงููู,"1,0"
ูุชุนุจู,"5,0"
ุงูุงูุงูู ุฌูุฏู ูููู ูู ุชุชูุฑุฑ ูุง ููุฌุฏ ุนุงุฒู ุตูุช ููุง ููุฌุฏ ุณูุฑูุณ ูุตุบูุฑู,"5,0"
ูุฑู ุฌูููู ุงูููุฏู ูุงู ุงูู ุฒูุงุฑู ูู ููู ููุงุฑุงุญ ุชููู ุงุฎุฑ ุฒูุงุฑู ุงู ุดุงุกุงููู,10
ูููุง ููุน ูู ุงููุชูู,"6,0"
ูุฐูู,10
ูุงูุช ุฏุฑุณุง ุฑุงุฆุนุง  ุดูุฑุง ๐,"1,0"
ููุชุงุฒุฉ ุฌุฏุฉ ุจููุธููู ุงุญุชุฑุงููููู,10
ุดูุฑุงู ุจุฑูุฑุง ูุฎุตูุตุงู ุงูุงุณุชุงุฐุฉ :ุฑูุถุฉ,10
ุงุชููู ุงูุงูุชูุงู ุงูุซุฑ,"6,0"
ุดูุฑุงู ุจุฑูุฑุง,10
ุณุงูุฑุฑ ุงูุฒูุงุฑู๐ค,10
ูุงุจุงุณ ูููุช ุฃุชุตูุฑ ุงูู ุฃูุถู,"5,0"
ุงู ุดุงุก ุงููู ูุงุฑุงุญ ุงูุฑุฑ ุงูุฒูุงุฑุฉ ูุฑู ุซุงููู ููุฐุง ุงูููุฏู,"5,0"
ูุงุจุฃุณ ุฌูุฏู ููู ูู ุชุชูุฑ,"3,0"
ููุฏู ุจุฑูุฑุง ุนุดูู ุงูุงุจุฏู,10
ุงูุบุฑูุฉ ุตุบูุฑุฉ ุฌุฏุงู .. ูุงูุฎุฏูุงุช ุฌุฏุงู ูุณุฆุฉ ููุฐ ุงููุตูู ูุญุชู ุงููุบุงุฏุฑุฉ.. ูุงูุงูุชุธุงุฑ ูุซูุฑ ูุชุณุฌูู ุงููุตูู ูุงููุบุงุฏุฑุฉ,"3,0"
ุงูุชุฌุฑุจุฉ ุงูุงููู ูุงูุฃุฎูุฑุฉ,"1,0"
ุฎูุงุฑู ุงูุฃูู ูุงูุฃุฎูุฑ ููุฏู ุจุฑูุฑุง .. ุฃุญุจูู,10
ุฌุฏุงู ููุชุงุฒ,10
ุงูููุงู ุฌุฏุง ูุฑูุญ ูุงูููุธููู ูุทูููู,10
ุฌุฏุง ุนุงุฏู,"2,0"
